:020000040800F2
:1000000000000220698E0008118B0008178B000881
:100010001D8B0008238B0008298B000800000000BE
:100020000000000000000000000000002F8B00080E
:100030003D8B0008000000004B8B0008598B000826
:10004000B98E0008B98E0008B98E0008B98E000874
:10005000B98E0008B98E0008B98E0008B98E000864
:10006000B98E0008B98E0008B98E0008658B0008AB
:10007000798B0008B98E00088D8B0008B98E0008B6
:10008000A18B0008B58B0008B98E0008B98E000856
:10009000C98B0008B98E0008B98E0008B98E000817
:1000A000B98E0008DD8B0008B98E0008B98E0008F3
:1000B000F18B0008B98E0008B98E0008B98E0008CF
:1000C000B98E0008B98E0008B98E0008B98E0008F4
:1000D000B98E0008058C00081D8C0008358C0008BE
:1000E000B98E0008B98E0008B98E0008498C000846
:1000F0005D8C0008B98E0008B98E0008718C00086C
:10010000B98E0008B98E0008858C0008B98E0008E9
:10011000B98E0008998C0008AD8C0008C18C0008CD
:10012000B98E0008D58C0008E98C0008B98E00084B
:10013000B98E00080000000000000000B98E000821
:10014000B98E0008FD8C0008B98E0008B98E000831
:10015000B98E0008B98E0008B98E0008118D00080C
:10016000B98E0008B98E0008B98E0008B98E000853
:10017000B98E0008B98E00080000000000000000E1
:08018000B98E0008B98E0008D9
:100190000348044B834202D0034B03B11847704716
:1001A000840000208400002000000000054806496B
:1001B0000B1AD90F01EBA301491002D0034B03B175
:1001C00018477047840000208400002000000000D1
:1001D00010B5064C237843B9FFF7DAFF044B13B18F
:1001E0000448AFF300800123237010BD8800002075
:1001F00000000000080E010808B5044B1BB10449BB
:100200000448AFF30080BDE80840CFE700000000DD
:100210008C000020080E010808B52DED028BB0EE11
:10022000408A00F057F8144B93F900300133F0EE98
:10023000408A0FD0B4EE488AF1EE10FA0AD6B0EE3A
:10024000480A00F0CBFAF7EE007AB4EEE70AF1EED6
:1002500010FA04DCB0EE680ABDEC028B08BD01F0B8
:10026000FBF8BDEC028B034621221A600348BDE86F
:10027000084000F0BBBA00BF000000201C120108BB
:1002800000F02EB908B52DED028BB0EE408A00F0DB
:10029000CDF90E4B93F9003001330BD0B4EE488A00
:1002A000F1EE10FA06D6DFED0A8AB4EEE88AF1EE36
:1002B00010FA02D4BDEC028B08BD01F0CDF888EE37
:1002C000A80ABDEC028B2123036008BD00000020BA
:1002D0000000000038B510EE105A25F00044B4F1CB
:1002E0007E5F2DED048B00F085807ADCB4F17C5FBD
:1002F0000FDAB4F1485F80F29C80DFED697A70EE2E
:10030000277AB7EE007AF4EEC77AF1EE10FA00F32E
:100310008D8000F063FAF7EE007A37EEC00AB6EE91
:10032000008A20EE088A9FED5F7ADFED5F6A9FED1D
:100330005F6A9FED5F5ADFED5F5ADFED5F8AE8EE9F
:10034000076A9FED5E7AA8EE067A9FED5D6AA6EEDB
:10035000885AA7EE086A9FED5B7ADFED5B6AE5EEEF
:10036000085AA6EE087AE5EE886AE7EE087AE6EE25
:10037000888AB0EE480AB0EE679A00F057F9534BFE
:100380009C4268EE888A42DC10EE103A23F47F63C8
:1003900023F00F0306EE903AA6EEE68A70EE267A78
:1003A00088EE895AC8EE274A9FED497ADFED497AEF
:1003B000B0EE006AA4EEC67A30EE000AF0EE675A9C
:1003C000E6EEC65A90EE057A37EE657A37EEC77AD2
:1003D000002D0ADCBDEC048BB1EE477AB0EE470A83
:1003E00038BD70EE407A87EEA77ABDEC048BB0EE94
:1003F000470A38BD9FED367ADFED377A20EE077A6F
:10040000BDEC048BA0EE277AB0EE470A38BD88EE2B
:10041000896A9FED327ADFED307AA0EE060AF0EEBF
:10042000006AA0EE267A37EEC77AD1E7B0EE407ABE
:10043000DBE760EE007A9FED1B7ADFED1B6A9FED34
:100440001C6ADFED1A5A9FED1B5AE7EE876ABDEC76
:10045000048BA6EEA76A9FED197ADFED196AA7EE65
:10046000A57AA6EE275AE7EE276ADFED175A9FED29
:10047000156A9FED117AE5EE275AA6EEA76AA5EE5A
:10048000A77AF7EE006AE6EE276A67EE277AB0EE03
:10049000407A87EEA66AA0EE067AB0EE470A38BD2B
:1004A000CAF2497108EF1138047F4F3A2EC69D3DBC
:1004B000461124BDA80A4E3EABAA2A3E613330BF86
:1004C0002D57014039D119C090B0A6BE9999793FF6
:1004D0002EBD3BB3DB0F493FDB0FC93F2EBD3B3386
:1004E00010B582B0CDED010A019B23F00042B2F1BC
:1004F000FF4FF0EE407A30DC10EE100A20F00041A1
:10050000B1F1FF4F29DCB3F17E5F42D09C1704F0BC
:10051000020444EAD07431B37AB3B2F1FF4F40D051
:10052000B1F1FF4F29D08A1AB2F1F45F4FEAE251DC
:1005300034DA002B42DA3C3140DA9FED340A012CE8
:100540004ED0022C43D064B19FED317ADFED317A89
:1005500030EE070A30EE670A03E09DED017A37EED0
:10056000270A02B010BD022C10D09FED2B0A032CDD
:1005700018BFB0EE670A02B010BD9FED280ADFED8C
:10058000287A0028B8BFB0EE670AEAE79FED210A93
:10059000E7E702B0BDE8104000F04CB89FED1F0A3D
:1005A000CDE7B1F1FF4F04F1FF3420D0022C26D863
:1005B0001C4B03EB840494ED030AD2E79DED017A12
:1005C00087EE870A00F00AF900F034F8B7E79FEDEC
:1005D000107ADFED107A30EE070A37EEC00AC0E776
:1005E00010EE103A03F1004300EE103AB9E7022C86
:1005F00008D80C4B03EB840494ED000AB1E79FED9F
:10060000030AAEE79FED080AABE700BF0000000059
:100610002EBDBB33DB0F4940DB0F49C0DB0FC93FA9
:10062000DB0FC9BFF00E0108DB0F493FB1EEC00A76
:10063000704700BF38B510EE105A25F00044B4F1F1
:10064000A14FF0EE407A0BDBB4F1FF4F58DCDFED49
:10065000517A9FED510A002DC8BFB0EE670A38BD30
:100660004E4B9C425BDCB4F1445F4CDB4FF0FF32FD
:1006700067EEA76ADFED4A4ADFED4A5A9FED4A5A14
:100680009FED4A4A26EEA67AB0EE666AE7EE245A55
:10069000531CDFED474ADFED476AA5EE875AE7EEC8
:1006A000246ADFED455ADFED454AE6EE875AA5EEAE
:1006B000074A9FED435ADFED436AA5EE875AE4EE01
:1006C000074ADFED415AE4EE876AE5EE075A66EE27
:1006D000866A25EE877A37D03C4B03EB820376EEB1
:1006E000876A93ED000A93ED047A96EEA70A002D2F
:1006F00070EE677A37EE670AB1DAB1EE400A38BDBC
:1007000030EE000A38BD9FED327A30EE077AF7EE10
:10071000006AB4EEE67AF1EE10FAA7DD38BD00F01B
:100720005DF82C4B9C4216DCA3F5D0039C4227DCE1
:10073000F0EE007ABFEE007AA0EE277A002230EECB
:10074000270AC7EE007A93E776EE876AE6EEE77A45
:10075000B0EE670A38BD204B9C420BDCF7EE087AFE
:10076000B7EE007AA0EE277A022230EE670AC0EEDA
:10077000077A7DE7BFEE007AC7EE007A032277E7BB
:10078000F7EE007A30EE677A30EE270A0122C7EEE4
:10079000007A6DE7DB0FC93FDB0FC9BFFFFFDF3E0C
:1007A000D769853C59DA4B3D356B883D6E2EBA3D95
:1007B00021A215BD6BF16EBD95879DBD2549123EE9
:1007C000388EE3BDABAAAA3ECDCC4CBE080F0108C3
:1007D000CAF24971FFFF973FFFFF1B4010EE103A2E
:1007E00023F0004300EE103A704700BF9FED010A6E
:1007F000704700BF0000C07F81F0004102E000BFF1
:1008000083F0004330B54FEA41044FEA430594EAD0
:10081000050F08BF90EA020F1FBF54EA000C55EA0B
:10082000020C7FEA645C7FEA655C00F0E2804FEADC
:100830005454D4EB5555B8BF6D420CDD2C4480EABE
:10084000020281EA030382EA000083EA010180EAEE
:10085000020281EA0303362D88BF30BD11F0004F3C
:100860004FEA01314FF4801C4CEA113102D0404272
:1008700061EB410113F0004F4FEA03334CEA1333AD
:1008800002D0524263EB430394EA050F00F0A780C5
:10089000A4F10104D5F1200E0DDB02FA0EFC22FAC0
:1008A00005F2801841F1000103FA0EF2801843FAB4
:1008B00005F359410EE0A5F120050EF1200E012AA5
:1008C00003FA0EFC28BF4CF0020C43FA05F3C018E3
:1008D00051EBE37101F0004507D54FF0000EDCF15C
:1008E000000C7EEB00006EEB0101B1F5801F1BD305
:1008F000B1F5001F0CD349085FEA30004FEA3C0C09
:1009000004F101044FEA445212F5800F80F09A80FE
:10091000BCF1004F08BF5FEA500C50F1000041EB02
:10092000045141EA050130BD5FEA4C0C404141EB06
:100930000101013C28BFB1F5801FE9D291F0000F01
:1009400004BF01460020B1FA81F308BF2033A3F1B0
:100950000B03B3F120020CDA0C3208DD02F1140CA7
:10096000C2F10C0201FA0CF021FA02F10CE002F1E2
:100970001402D8BFC2F1200C01FA02F120FA0CFCDB
:10098000DCBF41EA0C019040E41AA2BF01EB045124
:10099000294330BD6FEA04041F3C1CDA0C340EDC22
:1009A00004F11404C4F1200220FA04F001FA02F365
:1009B00040EA030021FA04F345EA030130BDC4F123
:1009C0000C04C4F1200220FA02F001FA04F340EA18
:1009D0000300294630BD21FA04F0294630BD94F0C9
:1009E000000F83F4801306BF81F480110134013DB0
:1009F0004EE77FEA645C18BF7FEA655C29D094EA21
:100A0000050F08BF90EA020F05D054EA000C04BF9E
:100A10001946104630BD91EA030F1EBF0021002089
:100A200030BD5FEA545C05D14000494128BF41F028
:100A3000004130BD14F580043CBF01F5801130BD8C
:100A400001F0004545F0FE4141F470014FF0000017
:100A500030BD7FEA645C1ABF194610467FEA655CC8
:100A60001CBF0B46024650EA013406BF52EA03356A
:100A700091EA030F41F4002130BD00BF90F0000F58
:100A800004BF0021704730B54FF4806404F1320494
:100A90004FF000054FF0000150E700BF90F0000F4D
:100AA00004BF0021704730B54FF4806404F1320474
:100AB00010F0004548BF40424FF000013EE700BF44
:100AC00042004FEAE2014FEA31014FEA02701FBFD4
:100AD00012F07F4393F07F4F81F06051704732F006
:100AE0007F4208BF704793F07F4F04BF41F400215D
:100AF000704730B54FF4607401F0004521F00041BB
:100B00001CE700BF50EA010208BF704730B54FF044
:100B100000050AE050EA010208BF704730B511F045
:100B2000004502D5404261EB41014FF4806404F17D
:100B300032045FEA915C3FF4D8AE4FF003025FEA03
:100B4000DC0C18BF03325FEADC0C18BF033202EB87
:100B5000DC02C2F1200300FA03FC20FA02F001FAE1
:100B600003FE40EA0E0021FA02F11444BDE600BF84
:100B700070B54FF0FF0C4CF4E06C1CEA11541DBF33
:100B80001CEA135594EA0C0F95EA0C0F00F0DEF8FE
:100B90002C4481EA030621EA4C5123EA4C5350EAE3
:100BA000013518BF52EA033541F4801143F4801334
:100BB00038D0A0FB02CE4FF00005E1FB02E506F0C5
:100BC0000042E0FB03E54FF00006E1FB03569CF01A
:100BD000000F18BF4EF0010EA4F1FF04B6F5007F20
:100BE00064F5407404D25FEA4E0E6D4146EB060692
:100BF00042EAC62141EA55514FEAC52040EA5E501B
:100C00004FEACE2EB4F1FD0C88BFBCF5E06F1ED8C4
:100C1000BEF1004F08BF5FEA500E50F1000041EBFB
:100C2000045170BD06F0004646EA010140EA0200A8
:100C300081EA0301B4EB5C04C2BFD4EB0C0541EACA
:100C4000045170BD41F480114FF0000E013C00F3DF
:100C5000AB8014F1360FDEBF002001F0004170BD03
:100C6000C4F10004203C35DA0C341BDC04F114041C
:100C7000C4F1200500FA05F320FA04F001FA05F2A8
:100C800040EA020001F0004221F0004110EBD37075
:100C900021FA04F642EB06015EEA430E08BF20EAA1
:100CA000D37070BDC4F10C04C4F1200500FA04F344
:100CB00020FA05F001FA04F240EA020001F00041D6
:100CC00010EBD37041F100015EEA430E08BF20EA49
:100CD000D37070BDC4F1200500FA05F24EEA020E91
:100CE00020FA04F301FA05F243EA020321FA04F0C0
:100CF00001F0004121FA04F220EA020000EBD37077
:100D00005EEA430E08BF20EAD37070BD94F0000F76
:100D10000FD101F00046400041EB010111F4801FAA
:100D200008BF013CF7D041EA060195F0000F18BF5B
:100D3000704703F00046520043EB030313F4801F97
:100D400008BF013DF7D043EA0603704794EA0C0F51
:100D50000CEA135518BF95EA0C0F0CD050EA410667
:100D600018BF52EA4306D1D181EA030101F00041E4
:100D70004FF0000070BD50EA410606BF104619460C
:100D800052EA430619D094EA0C0F02D150EA013618
:100D900013D195EA0C0F05D152EA03361CBF104659
:100DA00019460AD181EA030101F0004141F0FE41F8
:100DB00041F470014FF0000070BD41F0FE4141F47C
:100DC000780170BD70B54FF0FF0C4CF4E06C1CEA7C
:100DD00011541DBF1CEA135594EA0C0F95EA0C0F31
:100DE00000F0A7F8A4EB050481EA030E52EA0335EC
:100DF0004FEA013100F088804FEA03334FF080550D
:100E000045EA131343EA12634FEA022245EA111539
:100E100045EA10654FEA00260EF000419D4208BFEA
:100E2000964244F1FD0404F5407402D25B084FEA97
:100E30003202B61A65EB03055B084FEA32024FF443
:100E400080104FF4002CB6EB020E75EB030E22BFA0
:100E5000B61A754640EA0C005B084FEA3202B6EB60
:100E6000020E75EB030E22BFB61A754640EA5C000F
:100E70005B084FEA3202B6EB020E75EB030E22BF9F
:100E8000B61A754640EA9C005B084FEA3202B6EBA0
:100E9000020E75EB030E22BFB61A754640EADC005F
:100EA00055EA060E18D04FEA051545EA16754FEAC1
:100EB00006164FEAC30343EA52734FEAC2025FEADF
:100EC0001C1CC0D111F4801F0BD141EA00014FF06E
:100ED00000004FF0004CB6E711F4801F04BF01433F
:100EE0000020B4F1FD0C88BFBCF5E06F3FF6AFAE5B
:100EF000B5EB030C04BFB6EB020C5FEA500C50F1EB
:100F0000000041EB045170BD0EF0004E4EEA11316D
:100F100014EB5C04C2BFD4EB0C0541EA045170BD74
:100F200041F480114FF0000E013C90E645EA060EB8
:100F30008DE60CEA135594EA0C0F08BF95EA0C0FE6
:100F40003FF43BAF94EA0C0F0AD150EA01347FF42E
:100F500034AF95EA0C0F7FF425AF104619462CE705
:100F600095EA0C0F06D152EA03353FF4FDAE104668
:100F7000194622E750EA410618BF52EA43067FF4B9
:100F8000C5AE50EA41047FF40DAF52EA43057FF449
:100F9000EBAE12E74FF0FF3C06E000BF4FF0010C54
:100FA00002E000BF4FF0010C4DF804CD4FEA410CB8
:100FB0007FEA6C5C4FEA430C18BF7FEA6C5C1BD085
:100FC00001B050EA410C0CBF52EA430C91EA030F06
:100FD00002BF90EA020F0020704710F1000F91EA63
:100FE000030F58BF994208BF90422CBFD8176FEA31
:100FF000E37040F0010070474FEA410C7FEA6C5CFF
:1010000002D150EA013C07D14FEA430C7FEA6C5C05
:10101000D6D152EA033CD3D05DF8040B704700BF31
:101020008446104662468C461946634600E000BF7F
:1010300001B5FFF7B7FF002848BF10F1000F01BD51
:101040004DF808EDFFF7F4FF0CBF012000205DF81C
:1010500008FB00BF4DF808EDFFF7EAFF34BF0120A1
:1010600000205DF808FB00BF4DF808EDFFF7E0FF3A
:1010700094BF012000205DF808FB00BF4DF808ED8B
:10108000FFF7CEFF94BF012000205DF808FB00BFF2
:101090004DF808EDFFF7C4FF34BF012000205DF8D4
:1010A00008FB00BF4FEA4102B2F1E04324BFB3F5B1
:1010B000001CDCF1FE5C0DD901F0004C4FEAC002CF
:1010C0004CEA5070B2F1004F40EB830008BF20F0B3
:1010D0000100704711F0804F21D113F13872BCBF6D
:1010E00001F00040704741F480114FEA5252C2F1C2
:1010F0001802C2F1200C10FA0CF320FA02F018BF0B
:1011000040F001004FEAC1234FEAD32303FA0CFC5D
:1011100040EA0C0023FA02F34FEA4303CCE77FEAEC
:10112000625307D150EA01331EBF4FF0FE4040F436
:101130004000704701F0004040F0FE4040F40000E5
:10114000704700BF53B94AB9002908BF00281CBF27
:101150004FF0FF314FF0FF3000F074B9ADF1080CE3
:101160006DE904CE00F006F8DDF804E0DDE90223C5
:1011700004B070472DE9F047089D04468E46002BC9
:101180004DD18A42944669D9B2FA82F252B101FA3B
:1011900002F3C2F1200120FA01F10CFA02FC41EA4B
:1011A000030E94404FEA1C48210CBEFBF8F61FFAD0
:1011B0008CF708FB16E341EA034306FB07F199426B
:1011C0000AD91CEB030306F1FF3080F01F8199421E
:1011D00040F21C81023E63445B1AA4B2B3FBF8F0F8
:1011E00008FB103344EA034400FB07F7A7420AD97F
:1011F0001CEB040400F1FF3380F00A81A74240F2A7
:1012000007816444023840EA0640E41B00261DB111
:10121000D4400023C5E900433146BDE8F0878B4246
:1012200009D9002D00F0EF800026C5E90001304605
:101230003146BDE8F087B3FA83F6002E4AD18B42DF
:1012400002D3824200F2F980841A61EB0303012089
:101250009E46002DE0D0C5E9004EDDE702B9FFDE75
:10126000B2FA82F2002A40F09280A1EB0C014FEA20
:101270001C471FFA8CFE0126200CB1FBF7F307FB7D
:10128000131140EA01410EFB03F0884208D91CEB20
:10129000010103F1FF3802D2884200F2CB804346BD
:1012A000091AA4B2B1FBF7F007FB101144EA01449C
:1012B0000EFB00FEA64508D91CEB040400F1FF312B
:1012C00002D2A64500F2BB800846A4EB0E0440EA19
:1012D00003409CE7C6F12007B34022FA07FC4CEA22
:1012E000030C20FA07F401FA06F31C43F9404FEA15
:1012F0001C4900FA06F3B1FBF9F8200C1FFA8CFE2A
:1013000009FB181140EA014108FB0EF0884202FA7D
:1013100006F20BD91CEB010108F1FF3A80F088803E
:10132000884240F28580A8F102086144091AA4B2FB
:10133000B1FBF9F009FB101144EA014100FB0EFE7C
:101340008E4508D91CEB010100F1FF346CD28E45AB
:101350006AD90238614440EA0840A0FB0294A1EB3C
:101360000E01A142C846A64656D353D05DB1B3EB99
:10137000080261EB0E0101FA07F722FA06F3F140C9
:101380001F43C5E9007100263146BDE8F087C2F170
:101390002003D8400CFA02FC21FA03F391400143E8
:1013A0004FEA1C471FFA8CFEB3FBF7F007FB103621
:1013B0000B0C43EA064300FB0EF69E4204FA02F4CD
:1013C00008D91CEB030300F1FF382FD29E422DD920
:1013D000023863449B1B89B2B3FBF7F607FB163355
:1013E00041EA034106FB0EF38B4208D91CEB0101D5
:1013F00006F1FF3816D28B4214D9023E6144C91A55
:1014000046EA004638E72E46284605E70646E3E664
:101410001846F8E64B45A9D2B9EB020864EB0C0E6E
:101420000138A3E74646EAE7204694E74046D1E77D
:10143000D0467BE7023B614432E7304609E764442B
:10144000023842E7704700BF08B5062000F08CFA6A
:10145000012007F0FFFC00BF014B1868704700BF78
:101460000400002070B50D4E0D4D761BB61006D051
:10147000002455F8043B01349847A642F9D1094E9F
:10148000094D761B0FF0C0FCB61006D0002455F8AD
:10149000043B01349847A642F9D170BD3C120108C3
:1014A0003C120108701201083C120108024B01466F
:1014B000186800F059B900BF04000020024B014633
:1014C000186800F0EFB800BF04000020844641EA2D
:1014D000000313F003036DD1403A41D351F8043BAC
:1014E00040F8043B51F8043B40F8043B51F8043BFE
:1014F00040F8043B51F8043B40F8043B51F8043BEE
:1015000040F8043B51F8043B40F8043B51F8043BDD
:1015100040F8043B51F8043B40F8043B51F8043BCD
:1015200040F8043B51F8043B40F8043B51F8043BBD
:1015300040F8043B51F8043B40F8043B51F8043BAD
:1015400040F8043B51F8043B40F8043B51F8043B9D
:1015500040F8043B51F8043B40F8043B403ABDD20C
:10156000303211D351F8043B40F8043B51F8043BAE
:1015700040F8043B51F8043B40F8043B51F8043B6D
:1015800040F8043B103AEDD20C3205D351F8043B3D
:1015900040F8043B043AF9D2043208D0D2071CBF09
:1015A00011F8013B00F8013B01D30B880380604632
:1015B000704700BF082A13D38B078DD010F00303A8
:1015C0008AD0C3F10403D21ADB071CBF11F8013B18
:1015D00000F8013B80D331F8023B20F8023B7BE767
:1015E000043AD9D3013A11F8013B00F8013BF9D292
:1015F0000B7803704B7843708B788370604670472C
:10160000830730B548D0541E002A3FD0CAB20346E3
:1016100001E0013C3AD303F8012B9D07F9D1032CDB
:101620002DD9CDB245EA05250F2C45EA054536D919
:10163000A4F1100222F00F0C03F1200EE6444FEA51
:10164000121C03F1100242E9045542E9025510321E
:101650007245F8D10CF1010214F00C0F03EB0212E9
:1016600004F00F0C13D0ACF1040323F00303043394
:10167000134442F8045B9342FBD10CF003042CB1F9
:10168000CAB21C4403F8012B9C42FBD130BD644616
:101690001346002CF4D1F9E703461446BFE71A4677
:1016A000A446E0E7002958D030B551F8043C83B097
:1016B000002BA1F10404B8BFE418019000F048FA2F
:1016C000284A0198136833B1A3420DD9216804EB6D
:1016D000010C63452FD06360146003B0BDE8304057
:1016E00000F038BAA34210D81A465B68002BF9D133
:1016F000116802EB010C644519D02FD3636054606C
:1017000003B0BDE8304000F025BA116802EB010CCF
:10171000A44516D022D8216804EB010C6345EDD115
:101720001D685B682944C4E900135460D5E7236849
:1017300019441160D1E71D685B682944C4E90013AE
:10174000CAE7246821445418A3421160C5D1D3E9E3
:1017500000432144C2E90013BFE770470C23036034
:10176000BBE700BFA4000020F8B5CD1C25F00305A1
:1017700008350C2D38BF0C25002D064623DBA94269
:1017800021D8254F00F0E4F93A6822B3144603E06B
:1017900063682246FBB11C4623685B1BF8D40B2B05
:1017A00015D8636894420CBF3B605360304600F02C
:1017B000D1F904F10B00231D20F00700C21A01D05B
:1017C0001B1AA350F8BD0C2333600020F8BD236022
:1017D0001C442560EAE77968C9B12946304600F023
:1017E0001DF8431C0CD0C41C24F00304A04205D0F7
:1017F000211A304600F012F8013001D02560D5E7FB
:101800000C233046336000F0A5F90020F8BD3046C7
:1018100000F004F87860E0E7A400002038B5074D38
:101820000022044608462A6007F0C6FA431C00D08E
:1018300038BD2B68002BFBD0236038BDAC000020E6
:1018400038B5446C0CB1002038BD80210546FFF747
:101850008BFF0246686430B1031F7C3243F8044FAB
:101860009342FBD1EFE74FF0FF3038BD1F29F8B5A9
:10187000054608D8466C0C4617464EB156F824006B
:1018800046F82470F8BD162303604FF0FF30F8BD12
:101890008021FFF769FF0646686440B1031F00F12D
:1018A0007C05002143F8041F9D42FBD1E6E74FF081
:1018B000FF30F8BD1F2938B5054620D8426C0C46CC
:1018C0006AB152F8213053B1012B16D0591C10D0F7
:1018D0000025204642F824509847284638BD28461F
:1018E00000F0F8F8224601462846BDE8384000F0EE
:1018F000DBB816230360012038BD002038BD162355
:1019000003604FF0FF3038BD1F292AD8426C38B52C
:101910000C46054682B152F8243002EB84024BB1EA
:10192000591C19D0012B15D0002520461560984769
:10193000284638BD012038BD8021FFF715FF02463B
:10194000686458B1031F00217C3043F8041F98429B
:10195000FBD1E0E7032038BD022038BD4FF0FF3057
:1019600038BD4FF0FF30704738B5144B1F281D6845
:101970001FD86A6C044662B152F820304BB1012B7B
:1019800015D0591C0FD0002542F820509847284602
:1019900038BD284600F09EF8224601462846BDE89C
:1019A000384000F081B816232B60012038BD00209C
:1019B00038BD16232B604FF0FF3038BD04000020E7
:1019C000124B1F2870B51E6808D80D46716C04466E
:1019D00049B151F8240041F8245070BD16233360FA
:1019E0004FF0FF3070BD80213046FFF7BDFE01464D
:1019F000706440B1031F00F17C0C002243F8042FF7
:101A00006345FBD1E5E74FF0FF3070BD04000020D7
:101A100038B50B4B1D686C6C0CB1002038BD8021B3
:101A20002846FFF7A1FE686438B1031F00F17C026D
:101A300043F8044F9342FBD1EFE74FF0FF3038BD3E
:101A40000400002038B5174B1F281D6826D86A6C83
:101A5000044682B152F8243002EB84024BB1591C87
:101A60001AD0012B16D0002520461560984728462D
:101A700038BD012038BD80212846FFF775FE02469B
:101A8000686458B1031F00217C3043F8041F83426F
:101A9000FBD1DFE7032038BD022038BD4FF0FF3017
:101AA00038BD00BF0400002070B50C46084D034649
:101AB0000026204611461C462E6007F0BBF9431C49
:101AC00000D070BD2B68002BFBD0236070BD00BF21
:101AD000AC00002007F0A6B90CB410B59CB01EAB4A
:101AE0006FF00044CDE906140291084953F8042B25
:101AF000059102A90193049400F00CF9029B0022C5
:101B00001A701CB0BDE8104002B070470802FFFF19
:101B10000EB410B59DB06FF000411FABCDE90601CA
:101B20000491094953F8042B0290084C086801936A
:101B300002A9059400F0EEF8029B00221A701DB075
:101B4000BDE8104003B07047040000200802FFFF0A
:101B5000704700BF704700BF2DE9F0478F689F4274
:101B60000C461D46164638D88246888910F4906F78
:101B70000ED108683D462A46314600F029FCA2688D
:101B80002368D21B2B44A26023600020BDE8F087AD
:101B90004B69096903EB4308236808EBD878A3EB8A
:101BA00001096B1C4FEA68084B444345424684BF19
:101BB00098464246430513D511465046FFF7D4FDDB
:101BC000074608B321694A46FFF780FCA38923F43E
:101BD000906343F08003A38107E008681F46CAE7CB
:101BE000504600F071FC074650B107EB0900A8EB26
:101BF00009032761C4F81480A36020602F46BAE768
:101C000021695046FFF74EFD0C23CAF80030A38926
:101C100043F040034FF0FF30A381B7E72DE9F04FC9
:101C2000936883B09146002B6ED017688D6880460C
:101C30000C460868083744E0A38913F4906F2ED04F
:101C4000D4E90415A0EB010A05EB450505EBD575B4
:101C50000AEB06006D100130A8422A4684BF0546F3
:101C60002A465B0537D511464046FFF77DFD002823
:101C70003BD0524621690190FFF728FCA289019BC5
:101C800022F4906242F08002A281A5EB0A0203EBEB
:101C90000A006561A260236120603546B24659465C
:101CA000524600F095FBA068D9F808102368451B40
:101CB0008E1B03EB0A00A5602060C9F808601EB304
:101CC000083757E902B6002EFAD0B542AA46B3D972
:101CD0003546B246E3E7404600F0F6FB03460028EF
:101CE000D3D121694046FFF7DDFC0C23C8F8003052
:101CF000A389002243F040034FF0FF30A381C9E9DC
:101D0000012203B0BDE8F08F0020C9F8040003B041
:101D1000BDE8F08F2DE9F04F92468A8915069DB0F7
:101D2000884681461C4603D50A69002A00F0EF80E8
:101D3000002209929AF800307E4D039420228DF8FB
:101D4000292030228DF82A200126002B72D05446FB
:101D500003E014F8013F002B76D0252BF9D1B4EB2A
:101D60000A0B74D12278002A64D000234FF0FF328E
:101D7000CDE90523049307938DF853301A9301346A
:101D800004E0049A06FA03F313430493A2460522DF
:101D900014F8011B284600F0CBFA431B0028F0D1B1
:101DA000049BD80644BF20228DF8532019079AF8C7
:101DB000001044BF2B228DF853202A2954D1039AB6
:101DC00011680432002903927CDB07919AF8011014
:101DD0000AF1010A2E2959D0574C0322204600F05F
:101DE000A7FA40B1049B001B402404FA00F003430F
:101DF00004930AF1010A1AF8011B50488DF82810C3
:101E0000062200F095FA002862D04D4B002B52D0EC
:101E100003AA00924B4B424604A94846AFF3008008
:101E200007467A1C06D0099B3B4409939AF8003078
:101E3000002B8CD1B8F80C305B0654BF09984FF0DA
:101E4000FF301DB0BDE8F08FB4EB0A0BF2D05B465B
:101E5000524641464846FFF77FFE0130EAD0099BD3
:101E600022785B4409937EE7A1F13002092AB1D8B8
:101E7000079B1AF8011F03EB830302EB4303A1F155
:101E80003002092AF5D92E290793A5D19AF8011015
:101E90002A2927D1039B9AF802101A680592043365
:101EA000002A0AF102000393B8BF4FF0FF338246C5
:101EB000B8BF059390E7039B073323F0070308336C
:101EC0000393B0E7494243F00203079104937DE78F
:101ED00003AA00921B4B424604A9484600F0CAF8E8
:101EE00007469EE7A1F130020023092A05930AF173
:101EF000010A3FF671AF1AF8011F03EB830302EBEF
:101F00004303A1F13002092AF5D9059364E7402182
:101F1000FFF72AFCC8F80000C8F8100018B14022EA
:101F2000C8F8142004E70C23C9F800304FF0FF3044
:101F300087E700BFF8110108001201080412010828
:101F400000000000591B00082DE9F84F92461F467B
:101F50000A698B68DDF828909A42B8BF1A46CAF819
:101F6000002091F843300C46064613B10132CAF8FE
:101F70000020226891065DD5DAF800300233CAF8F5
:101F80000030226812F0060F11461ED1E168CB1A0C
:101F9000002BD8BF114618DD04F1190B4FF00008D3
:101FA00005E0E568DAF80030ED1A45450CDD01235F
:101FB0005A4639463046C847013008F10108F0D189
:101FC0004FF0FF30BDE8F88F216894F84330003BB4
:101FD00018BF01238A060AD5E1185A1C302081F85F
:101FE0004300224494F8451082F84310023304F170
:101FF000430239463046C8470130E1D0236803F038
:102000000603042B1DD0A3682269934225DD4FF0FF
:1020100000089B1A98441A34002501E045451CDA53
:102020000123224639463046C847013005F10105F3
:10203000F4D1C5E712F0060F12D0003B18BF012300
:10204000D5E7DAF80030E1682269C91AA36893423B
:1020500021EAE178DDDC0029DDDC0020BDE8F88F35
:10206000E168DAF80030CB1A002BD8BF114693DCB8
:10207000ABE700BF2DE9F0470C4684B09046227EC6
:102080000C990746994604F14300002A33D0A2F187
:102090005803DDB2202D67D8202B65D8DFE813F078
:1020A000DE00640064006400640064006400640096
:1020B000640064006400A3006E00640064006400B7
:1020C00064006E00640064006400640021007F000E
:1020D000C00064006400AE0064007F00640064001F
:1020E000E50023681A0640F104810B6862691D1D32
:1020F0000D601B681A60002382462361CDF80090B2
:10210000434603AA21463846FFF71EFF013020D080
:102110002369524641463846C847013019D02368E2
:10212000E068039E9B0719D5831B002B16DD04F185
:10213000190A002504E0E068039E831BAB420DDD15
:102140000123524641463846C847013005F1010592
:10215000F1D14FF0FF3004B0BDE8F087B042B8BF16
:10216000304604B0BDE8F087012384F842202361A3
:1021700004F1420A002384F84330BFE723681A06BB
:1021800002D45E0600F1C1800D682A6804350D6036
:102190001546002A6BDBDFF884C10A2610E02368AD
:1021A0001D0640F19C800B681D1D0D601D68DFF849
:1021B0006CC16F2A0CBF08260A26002384F843301E
:1021C0006268A260002A7FDB236823F00403236097
:1021D000002D5BD1002A79D18246082E65D0A0EB74
:1021E0000A0020618AE70B680122186804330B603B
:1021F00004F1420A84F842002261BBE70B6862687E
:10220000181D0860D3F800A00021504600F090F897
:10221000002800F08180A0EB0A0060602061A9E73F
:10222000236843F0200323607822DFF8F4C084F8A9
:1022300045200A68151D0D601D0643D4590641D579
:102240001588DE0744BF43F020032360002D44D1EE
:10225000236823F0200323601026AEE7582384F878
:102260004530DFF8B8C02368E3E72368DCE762683D
:10227000A2602D21002AC5F1000584F8431002DB7D
:1022800023F004032360DFF894C00A268246B5FBDE
:10229000F6F306FB13512A461CF801100AF8011D3B
:1022A000B2421D46F3D2082E99D12368D90796D59C
:1022B000626823699A4292DC30230AF8013C0AF1F1
:1022C000FF3A8CE71568BCE7002DDFD19CF80030A1
:1022D00084F8423004F1420A7FE710266DE713F0DC
:1022E000400F0B6803F104050D600CBF1D681D88CD
:1022F0005DE713F0400F0B68626903F104050D60A0
:102300001B6814BF1A801A60F5E60A68B2F900501B
:1023100004320A602A463CE760687FE70C12010835
:102320002012010800000000000000000000000072
:1023300001F0FF01102A2BDB10F0070F08D010F876
:10234000013B013A8B422DD010F0070F42B3F6D17A
:10235000F0B441EA012141EA014122F007047FF093
:1023600000070023F0E80256083C85EA010586EAEA
:10237000010685FA47F5A3FA87F586FA47F6A5FA26
:1023800087F68EB9EED1F0BC01F0FF0102F0070232
:1023900032B110F8013B013A83EA010313B1F8D1DD
:1023A0000020704701387047002D06BF35460338BE
:1023B000073815F0010F07D1013015F4807F02BFF7
:1023C000013015F4C03F0130F0BC0138704700BF48
:1023D00088420DD98B1883420AD900EB020CBAB19E
:1023E000624613F801CD02F801CD9942F9D1704748
:1023F0000F2A0ED8034602F1FF3C4AB10CF1010C42
:10240000013B8C4411F8012B03F8012F6145F9D1F0
:10241000704740EA01039B0750D1A2F1100370B549
:1024200001F1200C23F00F0501F1100E00F1100452
:10243000AC441B095EF8105C44F8105C5EF80C5C60
:1024400044F80C5C5EF8085C44F8085C5EF8045CD8
:1024500044F8045C0EF1100EE64504F11004E9D1D5
:10246000013312F00C0F01EB031102F00F0400EB2B
:10247000031327D0043C24F003064FEA940C1E44B7
:102480001C1F8E465EF8045B44F8045FB442F9D129
:102490000CF1010402F0030203EB840301EB84015D
:1024A00002F1FF3C4AB10CF1010C013B8C4411F8E4
:1024B000012B03F8012F6145F9D170BD02F1FF3CFA
:1024C00003469BE72246EBE7F8B51446F9B1CAB1DB
:1024D00006460D4600F020F8A04202D32F463846AB
:1024E000F8BD21463046FFF73FF907460028F6D0F1
:1024F00022462946FEF7EAFF30462946FFF7D2F882
:102500003846F8BD2746FFF7CDF83846F8BDBDE898
:10251000F8401146FFF728B951F8040C0028A0F143
:102520000400BCBF0B58C018704700BF80B400AF98
:10253000064BD3F88830054A43F47003C2F888305C
:1025400000BFBD465DF8047B704700BF00ED00E0B2
:1025500080B584B000AF78607B68002B01D1012387
:10256000EDE07B6893F82030DBB2002B02D1786875
:1025700005F0DAFA7B681B681A687B681B6842F012
:1025800001021A6002F0FCF9F86012E002F0F8F9BA
:102590000246FB68D31A0A2B0BD97B685B6A43F4AB
:1025A00000327B685A627B68052283F82020012371
:1025B000C5E07B681B685B6803F00103002BE5D076
:1025C0007B681B681A687B681B6822F002021A602D
:1025D00002F0D6F9F86012E002F0D2F90246FB6888
:1025E000D31A0A2B0BD97B685B6A43F400327B68F1
:1025F0005A627B68052283F8202001239FE07B68D4
:102600001B685B6803F00203002BE5D17B681B7E2F
:10261000012B08D17B681B681A687B681B6842F035
:1026200080021A6007E07B681B681A687B681B6879
:1026300022F080021A607B685B7E012B08D17B68E8
:102640001B681A687B681B6842F040021A6007E04A
:102650007B681B681A687B681B6822F040021A605E
:102660007B689B7E012B08D17B681B681A687B689E
:102670001B6842F020021A6007E07B681B681A683A
:102680007B681B6822F020021A607B68DB7E012BCE
:1026900008D17B681B681A687B681B6822F01002EF
:1026A0001A6007E07B681B681A687B681B6842F049
:1026B00010021A607B681B7F012B08D17B681B68A6
:1026C0001A687B681B6842F008021A6007E07B68A2
:1026D0001B681A687B681B6822F008021A607B6816
:1026E0005B7F012B08D17B681B681A687B681B68BD
:1026F00042F004021A6007E07B681B681A687B6876
:102700001B6822F004021A607B689A687B68DB68A9
:102710001A437B681B691A437B685B6942EA0301C1
:102720007B685B685A1E7B681B680A43DA617B68BA
:1027300000225A627B68012283F820200023184679
:102740001037BD4680BD000080B487B000AF786010
:1027500039607B6893F82030FB75FB7D012B03D03B
:10276000FB7D022B40F0BE80654B3B613B69D3F89B
:10277000003243F001023B69C3F800223B69D3F801
:10278000003223F47C523B69C3F800223B69D3F842
:1027900000223B685B6A1B021A433B69C3F80022B4
:1027A0003B685B6903F01F03012202FA03F3FB603D
:1027B0003B69D3F81C22FB68DB431A403B69C3F832
:1027C0001C223B68DB69002B23D13B69D3F80C2228
:1027D000FB68DB431A403B69C3F80C223B68DB68AB
:1027E00019043B685B689BB23A68526919433B69BC
:1027F000483243F832103B689B6819043B681B68F9
:102800009AB23B685B690A4339694833DB000B4481
:102810005A603B68DB69012B22D13B69D3F80C225B
:10282000FB681A433B69C3F80C223B681B68190418
:102830003B685B689BB23A68526919433B6948320E
:1028400043F832103B689B6819043B68DB689AB216
:102850003B685B690A4339694833DB000B445A60C3
:102860003B689B69002B09D13B69D3F80422FB68C4
:10287000DB431A403B69C3F8042207E03B69D3F805
:102880000422FB681A433B69C3F804223B681B69B6
:10289000002B09D13B69D3F81422FB68DB431A40B3
:1028A0003B69C3F8142207E03B69D3F81422FB68A4
:1028B0001A433B69C3F814223B681B6A012B07D1FA
:1028C0003B69D3F81C22FB681A433B69C3F81C22FE
:1028D0003B69D3F8003223F001023B69C3F80022C0
:1028E000002306E07B685B6A43F480227B685A62BF
:1028F000012318461C37BD465DF8047B704700BFB6
:102900000064004080B584B000AF78607B6893F8C5
:102910002030DBB2012B2ED17B68022283F82020ED
:102920007B681B681A687B681B6822F001021A60CA
:1029300002F026F8F86012E002F022F80246FB6886
:10294000D31A0A2B0BD97B685B6A43F400327B688D
:102950005A627B68052283F82020012312E07B68FD
:102960001B685B6803F00103002BE5D17B68002244
:102970005A62002306E07B685B6A43F400227B68AE
:102980005A62012318461037BD4680BD80B489B015
:1029900000AFF860B9607A603B60FB6893F8203064
:1029A000FB77FB681B689B68BB61FB7F012B03D037
:1029B000FB7F022B40F0AD80BB6903F08063002BEE
:1029C0000AD1BB6903F00063002B05D1BB6903F09A
:1029D0008053002B00F09580BB691B0E03F00303AE
:1029E0007B6101227B699A403B681A60BB689B68E7
:1029F000002B0DD1BB681B685A05BB68DB68F96802
:102A000009681A437B6918331B010B441A600FE0F5
:102A1000BB685B68DA00BB689B681A43BB68DB680D
:102A2000F96809681A437B6918331B010B441A6063
:102A3000FB681968BB681A697B6918331B010B4472
:102A400004331A60BB681B7D012B11D1FB681A6827
:102A50007B6918331B01134404331B68FA6811683F
:102A600043F480727B6918331B010B4404331A60F2
:102A70007B6807331B781A067B6806331B781B04B8
:102A80001A437B6805331B781B0213437A680432B0
:102A900012781046FA68116843EA00027B691B014C
:102AA0000B4403F5C6731A607B6803331B781A0660
:102AB0007B6802331B781B041A437B6801331B7845
:102AC0001B0213437A6812781046FA68116843EAC9
:102AD00000027B691B010B4403F5C4731A60FB6899
:102AE0001A687B6918331B0113441B68FA68116864
:102AF00043F001027B6918331B010B441A60002369
:102B00000EE0FB685B6A43F40012FB685A62012323
:102B100006E0FB685B6A43F48022FB685A6201238B
:102B200018462437BD465DF8047B704780B485B0F5
:102B300000AF78600023FB607B6893F82030FB7265
:102B4000FB7A012B02D0FB7A022B1DD17B681B681C
:102B50009B6803F08063002B02D0FB680133FB60AD
:102B60007B681B689B6803F00063002B02D0FB6846
:102B70000133FB607B681B689B6803F08053002B6C
:102B800002D0FB680133FB60FB6818461437BD4672
:102B90005DF8047B704780B487B000AFF860B9601F
:102BA0007A603B60FB6893F82030FB75FB7D012B5E
:102BB00003D0FB7D022B40F00381BB68002B0ED1BC
:102BC000FB681B68DB6803F00303002B16D1FB686E
:102BD0005B6A43F40012FB685A620123F7E0FB686A
:102BE0001B681B6903F00303002B07D1FB685B6ABA
:102BF00043F40012FB685A620123E8E0FB681A689C
:102C0000BB681B331B0113441B6803F004027B6881
:102C10009A607B689B68002B0CD1FB681A68BB68C4
:102C20001B331B0113441B685B0DC3F30A027B6853
:102C30001A600BE0FB681A68BB681B331B01134466
:102C40001B68DB0823F060427B685A60FB681A68E7
:102C5000BB681B331B0113441B6803F002027B6833
:102C6000DA60FB681A68BB681B331B01134404332A
:102C70001B6803F00803002B03D07B6808221A614D
:102C80000BE0FB681A68BB681B331B011344043359
:102C90001B6803F00F027B681A61FB681A68BB6847
:102CA0001B331B01134404331B681B0ADAB27B6815
:102CB0009A61FB681A68BB681B331B011344043319
:102CC0001B681B0C9AB27B685A61FB681A68BB6868
:102CD0001B01134403F5DC731B68DAB23B681A70FE
:102CE000FB681A68BB681B01134403F5DC731B689F
:102CF0001A0A3B680133D2B21A70FB681A68BB68C3
:102D00001B01134403F5DC731B681A0C3B68023388
:102D1000D2B21A70FB681A68BB681B01134403F532
:102D2000DC731B681A0E3B680333D2B21A70FB685F
:102D30001A68BB681B01134403F5DE731A683B680D
:102D40000433D2B21A70FB681A68BB681B011344C3
:102D500003F5DE731B681A0A3B680533D2B21A709A
:102D6000FB681A68BB681B01134403F5DE731B681C
:102D70001A0C3B680633D2B21A70FB681A68BB683B
:102D80001B01134403F5DE731B681A0E3B680733FF
:102D9000D2B21A70BB68002B08D1FB681B68DA68D6
:102DA000FB681B6842F02002DA6007E0FB681B68E2
:102DB0001A69FB681B6842F020021A61002306E0D2
:102DC000FB685B6A43F48022FB685A620123184661
:102DD0001C37BD465DF8047B704780B485B000AFFA
:102DE000786039607B6893F82030FB73FB7B012BA4
:102DF00002D0FB7B022B09D17B681B6859697B6879
:102E00001B683A680A435A61002306E07B685B6AE4
:102E100043F480227B685A62012318461437BD466A
:102E20005DF8047B704780B58AB000AF78600023FE
:102E30007B627B681B685B693B627B681B685B68C5
:102E4000FB617B681B689B68BB617B681B68DB68F8
:102E50007B617B681B681B693B617B681B689B69A6
:102E6000FB603B6A03F00103002B7CD0BB6903F0DD
:102E70000103002B23D07B681B6801229A60BB6989
:102E800003F00203002B03D0786800F083F916E00A
:102E9000BB6903F00403002B04D07B6A43F4006396
:102EA0007B620CE0BB6903F00803002B04D07B6A53
:102EB00043F480537B6202E0786800F089F9BB69D3
:102EC00003F48073002B24D07B681B684FF480725E
:102ED0009A60BB6903F40073002B03D0786800F09C
:102EE00063F916E0BB6903F48063002B04D07B6AAE
:102EF00043F400537B620CE0BB6903F40063002BD6
:102F000004D07B6A43F480437B6202E0786800F07F
:102F100069F9BB6903F48033002B24D07B681B68FC
:102F20004FF480329A60BB6903F40033002B03D066
:102F3000786800F043F916E0BB6903F48023002BA6
:102F400004D07B6A43F400437B620CE0BB6903F46A
:102F50000023002B04D07B6A43F480337B6202E0C1
:102F6000786800F049F93B6A03F00803002B0CD0A5
:102F70007B6903F01003002B07D07B6A43F40073D6
:102F80007B627B681B681022DA603B6A03F00403F3
:102F9000002B0BD07B6903F00803002B06D07B6865
:102FA0001B680822DA60786800F030F93B6A03F0A9
:102FB0000203002B09D07B681B68DB6803F0030366
:102FC000002B02D078680DF0C6FE3B6A03F0400388
:102FD000002B0CD03B6903F01003002B07D07B6A59
:102FE00043F480637B627B681B6810221A613B6A32
:102FF00003F02003002B0BD03B6903F00803002BE8
:1030000006D07B681B6808221A61786800F008F90E
:103010003B6A03F01003002B09D07B681B681B6917
:1030200003F00303002B02D078680DF09FFE3B6A8B
:1030300003F40033002B0BD0FB6903F01003002BCB
:1030400006D07B681B6810225A60786800F0F2F89E
:103050003B6A03F48033002B0BD0FB6903F00803B9
:10306000002B06D07B681B6808225A60786800F045
:10307000EBF83B6A03F40043002B7BD0FB6903F0C1
:103080000403002B72D03B6A03F48073002B08D03A
:10309000FB6803F00103002B03D07B6A43F00103BC
:1030A0007B623B6A03F40073002B08D0FB6803F0DB
:1030B0000203002B03D07B6A43F002037B623B6A6E
:1030C00003F48063002B08D0FB6803F00403002B9B
:1030D00003D07B6A43F004037B623B6A03F4006322
:1030E000002B43D0FB6803F07003002B3ED0FB683D
:1030F00003F07003602B2BD0602B2ED8502B22D0E6
:10310000502B2AD8402B19D0402B26D8302B10D04A
:10311000302B22D8102B02D0202B05D01DE07B6A4B
:1031200043F008037B6219E07B6A43F010037B6283
:1031300014E07B6A43F020037B620FE07B6A43F07C
:1031400040037B620AE07B6A43F080037B6205E018
:103150007B6A43F480737B6200E000BF7B681B687E
:103160009A697B681B6822F070029A617B681B6811
:1031700004225A607B6A002B08D07B685A6A7B6AFB
:103180001A437B685A62786800F068F800BF2837F5
:10319000BD4680BD80B483B000AF786000BF0C37FF
:1031A000BD465DF8047B704780B483B000AF7860A3
:1031B00000BF0C37BD465DF8047B704780B483B018
:1031C00000AF786000BF0C37BD465DF8047B7047E8
:1031D00080B483B000AF786000BF0C37BD465DF8A7
:1031E000047B704780B483B000AF786000BF0C37B9
:1031F000BD465DF8047B704780B483B000AF786053
:1032000000BF0C37BD465DF8047B704780B483B0C7
:1032100000AF786000BF0C37BD465DF8047B704797
:1032200080B483B000AF786000BF0C37BD465DF856
:10323000047B704780B483B000AF786000BF0C3768
:10324000BD465DF8047B704780B483B000AF786002
:1032500000BF0C37BD465DF8047B704780B483B077
:1032600000AF786000BF0C37BD465DF8047B704747
:1032700080B586B000AF78607B68002B01D1012358
:1032800067E27B681B6803F00103002B75D0884B55
:103290009B6803F00C03042B0CD0854B9B6803F058
:1032A0000C03082B12D1824B5B6803F48003B3F547
:1032B000800F0BD17E4B1B6803F40033002B5BD0D7
:1032C0007B685B68002B57D1012342E27B685B6817
:1032D000B3F5803F06D1764B1B68754A43F48033C3
:1032E00013601DE07B685B68B3F5A02F0CD1704BB9
:1032F0001B686F4A43F4802313606D4B1B686C4A54
:1033000043F4803313600BE0694B1B68684A23F475
:1033100080331360664B1B68654A23F48023136077
:103320007B685B68002B13D001F02AFB386108E052
:1033300001F026FB02463B69D31A642B01D9032313
:1033400007E25B4B1B6803F40033002BF0D014E062
:1033500001F016FB386108E001F012FB02463B6900
:10336000D31A642B01D90323F3E1514B1B6803F4F7
:103370000033002BF0D100E000BF7B681B6803F036
:103380000203002B63D04A4B9B6803F00C03002B15
:103390000BD0474B9B6803F00C03082B1CD1444B0C
:1033A0005B6803F48003002B16D1414B1B6803F0CC
:1033B0000203002B05D07B68DB68012B01D00123C1
:1033C000C7E13B4B1B6823F0F8027B681B69DB00FD
:1033D000374913430B603AE07B68DB68002B20D051
:1033E000344B01221A6001F0CBFA386108E001F099
:1033F000C7FA02463B69D31A022B01D90323A8E17D
:103400002B4B1B6803F00203002BF0D0284B1B68EA
:1034100023F0F8027B681B69DB00254913430B602E
:1034200015E0244B00221A6001F0AAFA386108E086
:1034300001F0A6FA02463B69D31A022B01D90323F5
:1034400087E11B4B1B6803F00203002BF0D17B6864
:103450001B6803F00803002B36D07B685B69002BE8
:1034600016D0154B01221A6001F08AFA386108E083
:1034700001F086FA02463B69D31A022B01D90323D5
:1034800067E10B4B5B6F03F00203002BF0D01BE0F6
:10349000094B00221A6001F073FA38610EE001F066
:1034A0006FFA02463B69D31A022B07D9032350E176
:1034B0000038024000004742800E4742884B5B6F55
:1034C00003F00203002BEAD17B681B6803F00403BE
:1034D000002B00F097800023FB75814B1B6C03F0E1
:1034E0008053002B0FD10023BB607D4B1B6C7C4AAB
:1034F00043F0805313647A4B1B6C03F08053BB6022
:10350000BB680123FB75774B1B6803F48073002BAA
:1035100018D1744B1B68734A43F48073136001F035
:103520002FFA386108E001F02BFA02463B69D31A02
:10353000022B01D903230CE16A4B1B6803F480734F
:10354000002BF0D07B689B68012B06D1644B1B6F6E
:10355000634A43F0010313671CE07B689B68052BFB
:103560000CD15F4B1B6F5E4A43F0040313675C4B47
:103570001B6F5B4A43F0010313670BE0584B1B6F53
:10358000574A23F001031367554B1B6F544A23F02E
:10359000040313677B689B68002B15D001F0F0F9DA
:1035A00038610AE001F0ECF902463B69D31A41F2B6
:1035B0008832934201D90323CBE0494B1B6F03F0C0
:1035C0000203002BEED014E001F0DAF938610AE0D2
:1035D00001F0D6F902463B69D31A41F28832934290
:1035E00001D90323B5E03E4B1B6F03F00203002B10
:1035F000EED1FB7D012B05D1394B1B6C384A23F0F2
:10360000805313647B689B69002B00F0A180344BCE
:103610009B6803F00C03082B5CD07B689B69022B32
:1036200041D1314B00221A6001F0AAF9386108E05B
:1036300001F0A6F902463B69D31A022B01D90323F4
:1036400087E0274B1B6803F00073002BF0D17B68E9
:10365000DA697B681B6A1A437B685B6A9B011A43C1
:103660007B689B6A5B08013B1B041A437B68DB6A2F
:103670001B061B4913434B601B4B01221A6001F0D0
:103680007FF9386108E001F07BF902463B69D31A03
:10369000022B01D903235CE0114B1B6803F000737C
:1036A000002BF0D054E0104B00221A6001F068F9B2
:1036B000386108E001F064F902463B69D31A022B35
:1036C00001D9032345E0064B1B6803F00073002B70
:1036D000F0D13DE07B689B69012B07D1012338E0E5
:1036E0000038024000700040600047421B4B5B689E
:1036F000FB607B689B69012B28D0FB6803F4800288
:103700007B68DB699A4221D1FB6803F03F027B684A
:103710001B6A9A421AD1FA6847F6C07313407A6856
:10372000526A9201934211D1FB6803F440327B68E4
:103730009B6A5B08013B1B049A4207D1FB6803F0BC
:1037400070627B68DB6A1B069A4201D0012300E0AD
:10375000002318461837BD4680BD00BF0038024020
:1037600080B584B000AF786039607B68002B01D1F0
:103770000123CCE0684B1B6803F007033A689A42C8
:103780000CD9654B3A68D2B21A70634B1B6803F0D0
:1037900007033A689A4201D00123B8E07B681B68AE
:1037A00003F00203002B20D07B681B6803F00403A6
:1037B000002B05D0594B9B68584A43F4E053936063
:1037C0007B681B6803F00803002B05D0534B9B68F4
:1037D000524A43F460439360504B9B6823F0F002DD
:1037E0007B689B684D4913438B607B681B6803F0C3
:1037F0000103002B44D07B685B68012B07D1474B4A
:103800001B6803F40033002B19D101237FE07B6890
:103810005B68022B03D07B685B68032B07D13F4BAF
:103820001B6803F00073002B09D101236FE03B4BB1
:103830001B6803F00203002B01D1012367E0374B23
:103840009B6823F003027B685B68344913438B60F9
:1038500001F096F8F8600AE001F092F80246FB6881
:10386000D31A41F28832934201D903234FE02B4B04
:103870009B6803F00C027B685B689B009A42EBD16B
:10388000254B1B6803F007033A689A420CD2224B7F
:103890003A68D2B21A70204B1B6803F007033A68EB
:1038A0009A4201D0012332E07B681B6803F00403D5
:1038B000002B08D0194B9B6823F4E0527B68DB682F
:1038C000164913438B607B681B6803F00803002BC9
:1038D00009D0124B9B6823F460427B681B69DB00B4
:1038E0000E4913438B6000F021F802460B4B9B6896
:1038F0001B0903F00F030A49CB5C22FA03F3094AC0
:103900001360094B1B68184600F0F6FF00231846A9
:103910001037BD4680BD00BF003C02400038024069
:10392000880F0108680000206C0000202DE9B04FCE
:1039300090B000AF00237B630023FB6300233B6355
:103940000023BB63594B9B6803F00C03082B0DD07D
:10395000082B00F2A180002B02D0042B03D09BE0A7
:10396000534BBB639BE0534BBB6398E04F4B5B688F
:1039700003F03F037B634D4B5B6803F48003002B34
:1039800028D04A4B5B689B0900223B627A623B6A03
:10399000C3F308000021474B03FB01F2002300FBA7
:1039A00003F31344434AA0FB0212FA620A46BA62C6
:1039B000FA6A1344FB627B6B0022BB61FA61D7E9B0
:1039C0000623D7E90A01FDF7BDFB02460B46134665
:1039D000FB6353E0354B5B689B0900223B617A61D6
:1039E0003B69C3F3080A4FF0000B52465B464FF0A9
:1039F00000004FF00001590141EAD2615001024636
:103A00000B46B2EB0A0863EB0B094FF000024FF0D4
:103A100000034FEA891343EA98634FEA8812B2EB36
:103A2000080463EB09054FF000024FF00003EB00C0
:103A300043EA5473E20014461D4614EB0A033B604C
:103A400045EB0B037B604FF000024FF00003D7E91A
:103A5000004529468B02214643EA915321468A02BA
:103A6000104619467B6B0022BB60FA60D7E902233F
:103A7000FDF768FB02460B461346FB630B4B5B6886
:103A80001B0C03F0030301335B003B63FA6B3B6BDE
:103A9000B2FBF3F3BB6302E0054BBB6300BFBB6B40
:103AA00018464037BD46BDE8B08F00BF0038024021
:103AB0000024F40040787D0180B400AF034B1B6804
:103AC0001846BD465DF8047B704700BF68000020C3
:103AD00080B500AFFFF7F0FF0246054B9B689B0ADD
:103AE00003F007030349CB5C22FA03F3184680BDB9
:103AF00000380240980F010880B500AFFFF7DCFFE7
:103B00000246054B9B685B0B03F007030349CB5C44
:103B100022FA03F3184680BD00380240980F0108CE
:103B200080B489B000AF7860396000237B610023E6
:103B30003B610023BB610023FB616BE10122FB6958
:103B400002FA03F37B613B681B687A6913403B61AF
:103B50003A697B699A4240F05A813B685B6803F09E
:103B60000303012B05D03B685B6803F00303022BC2
:103B700030D17B689B68BB61FB695B00032202FA62
:103B800003F3DB43BA691340BB613B68DA68FB6946
:103B90005B0002FA03F3BA691343BB617B68BA693D
:103BA0009A607B685B68BB610122FB6902FA03F3E0
:103BB000DB43BA691340BB613B685B681B0903F0D8
:103BC0000102FB6902FA03F3BA691343BB617B6824
:103BD000BA695A603B685B6803F00303032B17D094
:103BE0007B68DB68BB61FB695B00032202FA03F3BD
:103BF000DB43BA691340BB613B689A68FB695B00B1
:103C000002FA03F3BA691343BB617B68BA69DA60ED
:103C10003B685B6803F00303022B23D1FB69DA08DE
:103C20007B68083253F82230BB61FB6903F007035D
:103C30009B000F2202FA03F3DB43BA691340BB6116
:103C40003B681A69FB6903F007039B0002FA03F360
:103C5000BA691343BB61FB69DA087B680832B9694A
:103C600043F822107B681B68BB61FB695B00032281
:103C700002FA03F3DB43BA691340BB613B685B683C
:103C800003F00302FB695B0002FA03F3BA69134312
:103C9000BB617B68BA691A603B685B6803F44033B8
:103CA000002B00F0B4800023FB60604B5B6C5F4A2C
:103CB00043F4804353645D4B5B6C03F48043FB60CF
:103CC000FB685B4AFB699B08023352F82330BB61F7
:103CD000FB6903F003039B000F2202FA03F3DB43AB
:103CE000BA691340BB617B68524A93422BD07B6810
:103CF000514A934225D07B68504A93421FD07B683B
:103D00004F4A934219D07B684E4A934213D07B6846
:103D10004D4A93420DD07B684C4A934207D07B6852
:103D20004B4A934201D107230EE008230CE00623FF
:103D30000AE0052308E0042306E0032304E002234D
:103D400002E0012300E00023FA6902F0030292007E
:103D50009340BA691343BB613549FB699B08023341
:103D6000BA6941F823203B4B9B68BB613B69DB434D
:103D7000BA691340BB613B685B6803F48013002B96
:103D800003D0BA693B691343BB61324ABB69936094
:103D9000304BDB68BB613B69DB43BA691340BB61F5
:103DA0003B685B6803F40013002B03D0BA693B69DE
:103DB0001343BB61274ABB69D360264B5B68BB6179
:103DC0003B69DB43BA691340BB613B685B6803F442
:103DD0000033002B03D0BA693B691343BB611D4A12
:103DE000BB6953601B4B1B68BB613B69DB43BA6912
:103DF0001340BB613B685B6803F48033002B03D046
:103E0000BA693B691343BB61124ABB691360FB6922
:103E10000133FB61FB690F2B7FF690AE00BF00BF43
:103E20002437BD465DF8047B704700BF0038024070
:103E30000038014000000240000402400008024037
:103E4000000C024000100240001402400018024022
:103E5000001C0240003C014080B483B000AF786099
:103E60000B467B8013467B707B78002B03D07A88CF
:103E70007B689A6103E07B881A047B689A6100BFC3
:103E80000C37BD465DF8047B7047000080B586B0F6
:103E900000AF786000237B6100F072FD38617B68C1
:103EA000002B01D1012399E07B68022283F83520A1
:103EB0007B68002283F834207B681B681A687B6863
:103EC0001B6822F001021A600FE000F059FD024663
:103ED0003B69D31A052B08D97B6820225A657B6879
:103EE000032283F83520032378E07B681B681B6876
:103EF00003F00103002BE8D17B681B681B687B6122
:103F00007A69384B13407B617B685A687B689B6891
:103F10001A437B68DB681A437B681B691A437B681A
:103F20005B691A437B689B691A437B68DB691A43A8
:103F30007B681B6A13437A6913437B617B685B6A06
:103F4000042B07D17B68DA6A7B681B6B13437A69A1
:103F500013437B617B681B687A691A607B681B6806
:103F60005B697B617B6923F007037B617B685B6A2C
:103F70007A6913437B617B685B6A042B17D17B688A
:103F80009B6A7A6913437B617B68DB6A002B0ED0E6
:103F9000786800F001FB0346002B08D07B684022C4
:103FA0005A657B68012283F83520012316E07B687F
:103FB0001B687A695A61786800F0B8FA0346FB60BA
:103FC0007B68DB6D3F229A40FB689A607B68002229
:103FD0005A657B68012283F835200023184618377C
:103FE000BD4680BD3F8010F080B586B000AFF86060
:103FF000B9607A603B600023FB75FB689B6D3B6199
:10400000FB6893F83430012B01D1022340E0FB68B8
:10401000012283F83420FB6893F83530DBB2012BA2
:104020002FD1FB68022283F83520FB6800225A65F5
:104030003B687A68B968F86800F04AFAFB68DB6D9B
:104040003F229A403B699A60FB681B681A68FB68CC
:104050001B6842F016021A60FB681B6C002B07D02D
:10406000FB681B681A68FB681B6842F008021A604C
:10407000FB681B681A68FB681B6842F001021A6043
:1040800005E0FB68002283F834200223FB75FB7DEA
:1040900018461837BD4680BD80B584B000AF786043
:1040A0007B689B6DFB6000F06BFCB8607B6893F8ED
:1040B0003530DBB2022B08D07B6880225A657B68E2
:1040C000002283F83420012352E07B681B681A68C1
:1040D0007B681B6822F016021A607B681B685A69AD
:1040E0007B681B6822F080025A617B681B6C002B86
:1040F00003D17B689B6C002B07D07B681B681A6818
:104100007B681B6822F008021A607B681B681A68CB
:104110007B681B6822F001021A6013E000F030FC9B
:104120000246BB68D31A052B0CD97B6820225A653E
:104130007B68032283F835207B68002283F83420D3
:10414000032315E07B681B681B6803F00103002B49
:10415000E4D17B68DB6D3F229A40FB689A607B6804
:10416000012283F835207B68002283F83420002365
:1041700018461037BD4680BD80B483B000AF78606C
:104180007B6893F83530DBB2022B04D07B68802249
:104190005A6501230CE07B68052283F835207B6893
:1041A0001B681A687B681B6822F001021A600023F2
:1041B00018460C37BD465DF8047B704780B586B065
:1041C00000AF78600023BB608E4B1B688E4AA2FB59
:1041D00003239B0A7B617B689B6D3B613B691B688A
:1041E000FB607B68DB6D08229A40FB681340002B64
:1041F0001AD07B681B681B6803F00403002B13D0E4
:104200007B681B681A687B681B6822F004021A60CE
:104210007B68DB6D08229A403B699A607B685B6D26
:1042200043F001027B685A657B68DB6D01229A408E
:10423000FB681340002B12D07B681B685B6903F09E
:104240008003002B0BD07B68DB6D01229A403B6919
:104250009A607B685B6D43F002027B685A657B68FD
:10426000DB6D04229A40FB681340002B12D07B6860
:104270001B681B6803F00203002B0BD07B68DB6D0F
:1042800004229A403B699A607B685B6D43F00402AC
:104290007B685A657B68DB6D10229A40FB6813408F
:1042A000002B43D07B681B681B6803F00803002BBE
:1042B0003CD07B68DB6D10229A403B699A607B683A
:1042C0001B681B6803F48023002B18D07B681B68D5
:1042D0001B6803F40023002B08D17B681B6C002BA8
:1042E00024D07B681B6C786898471FE07B689B6CC8
:1042F000002B1BD07B689B6C7868984716E07B6826
:104300001B681B6803F48073002B07D17B681B6854
:104310001A687B681B6822F008021A607B681B6CB5
:10432000002B03D07B681B6C786898477B68DB6D3B
:1043300020229A40FB681340002B00F08F807B689E
:104340001B681B6803F01003002B00F087807B685C
:10435000DB6D20229A403B699A607B6893F8353088
:10436000DBB2052B36D17B681B681A687B681B683B
:1043700022F016021A607B681B685A697B681B680A
:1043800022F080025A617B681B6C002B03D17B6892
:104390009B6C002B07D07B681B681A687B681B68C6
:1043A00022F008021A607B68DB6D3F229A403B696D
:1043B0009A607B68012283F835207B68002283F8AD
:1043C00034207B681B6D002B7ED07B681B6D78686A
:1043D000984779E07B681B681B6803F48023002BF7
:1043E0001DD07B681B681B6803F40023002B0DD1D4
:1043F0007B685B6C002B31D07B685B6C786898477E
:104400002CE000BF68000020B5814E1B7B68DB6B91
:10441000002B23D07B68DB6B786898471EE07B68B5
:104420001B681B6803F48073002B0FD17B681B682B
:104430001A687B681B6822F010021A607B680122F0
:1044400083F835207B68002283F834207B68DB6B9F
:10445000002B03D07B68DB6B786898477B685B6DCB
:10446000002B32D07B685B6D03F00103002B22D060
:104470007B68052283F835207B681B681A687B6897
:104480001B6822F001021A60BB680133BB607A69C5
:104490009A4207D37B681B681B6803F00103002B5B
:1044A000F2D100E000BF7B68012283F835207B68F1
:1044B000002283F834207B68DB6C002B05D07B68FE
:1044C000DB6C7868984700E000BF1837BD4680BDB8
:1044D00080B485B000AFF860B9607A603B60FB687B
:1044E0001B681A68FB681B6822F480221A60FB684C
:1044F0001B683A685A60FB689B68402B08D1FB68D0
:104500001B687A689A60FB681B68BA68DA6007E023
:10451000FB681B68BA689A60FB681B687A68DA6097
:1045200000BF1437BD465DF8047B704780B485B08A
:1045300000AF78607B681B68DBB2103B144AA2FBBB
:1045400003231B09FB60134AFB6813441B781A46BC
:104550007B68DA65FB68032B09D97B681B6823F449
:104560007F7323F003031A1D7B689A6507E07B685D
:104570001B6823F47F7323F003037A6893657B68D9
:104580009B6D18461437BD465DF8047B704700BF2D
:10459000ABAAAAAAA00F010880B485B000AF7860CA
:1045A0000023FB737B689B6ABB607B689B69002B65
:1045B0001FD1BB68032B56D801A252F823F000BFCD
:1045C000D1450008E3450008D145000867460008CA
:1045D0007B68DB6A03F08073002B46D00123FB73FA
:1045E00043E07B68DB6AB3F1C07F40D10123FB73FA
:1045F0003DE07B689B69B3F5005F21D1BB68032B6D
:1046000037D801A252F823F0194600081F460008C7
:1046100019460008314600080123FB7330E07B682F
:10462000DB6A03F08073002B25D00123FB7322E0AB
:104630007B68DB6AB3F1C07F1FD10123FB731CE0F1
:10464000BB68022B03D9BB68032B03D018E00123FE
:10465000FB7315E07B68DB6A03F08073002B0ED0E0
:104660000123FB730BE000BF0AE000BF08E000BFBE
:1046700006E000BF04E000BF02E000BF00E000BFB2
:10468000FB7B18461437BD465DF8047B704700BFBE
:1046900080B485B000AF78607B6803F00703FB60EF
:1046A0000C4BDB68BB60BA684FF6FF031340BB607E
:1046B000FB681A02BB68134343F0BF6343F4003343
:1046C000BB60044ABB68D36000BF1437BD465DF8C9
:1046D000047B704700ED00E080B400AF044BDB6862
:1046E0001B0A03F007031846BD465DF8047B7047BC
:1046F00000ED00E080B483B000AF0346FB7197F992
:104700000730002B0BDBFB7903F01F02074997F9F9
:1047100007305B09012000FA02F241F8232000BFB4
:104720000C37BD465DF8047B704700BF00E100E038
:1047300080B483B000AF03463960FB7197F907304E
:10474000002B0ADB3B68DAB20C4997F907301201FB
:10475000D2B20B4483F800230AE03B68DAB208497E
:10476000FB7903F00F03043B1201D2B20B441A761B
:1047700000BF0C37BD465DF8047B704700E100E0E8
:1047800000ED00E080B489B000AFF860B9607A60F5
:10479000FB6803F00703FB61FB69C3F10703042B0C
:1047A00028BF0423BB61FB690433062B02D9FB69D4
:1047B000033B00E000237B614FF0FF32BB6902FA4C
:1047C00003F3DA43BB681A407B699A404FF0FF312C
:1047D0007B6901FA03F3D9437B680B401343184606
:1047E0002437BD465DF8047B7047000080B582B079
:1047F00000AF78607B68013BB3F1807F01D3012378
:104800000FE00A4A7B68013B53600F214FF0FF30F5
:10481000FFF78EFF054B00229A60044B07221A60B7
:10482000002318460837BD4680BD00BF10E000E0F9
:1048300080B582B000AF78607868FFF729FF00BFCD
:104840000837BD4680BD80B586B000AF0346B9606D
:104850007A60FB7300237B61FFF73EFF78617A6823
:10486000B9687869FFF78EFF024697F90F30114655
:104870001846FFF75DFF00BF1837BD4680BD80B505
:1048800082B000AF0346FB7197F907301846FFF777
:1048900031FF00BF0837BD4680BD80B582B000AF94
:1048A00078607868FFF7A2FF034618460837BD46D0
:1048B00080BD000080B500AF0E4B1B680D4A43F46D
:1048C000007313600B4B1B680A4A43F48063136048
:1048D000084B1B68074A43F4807313600320FFF7FB
:1048E000A7FF0F2000F008F804F03EFA0023184656
:1048F00080BD00BF003C024080B582B000AF786050
:10490000124B1A68124B1B7819464FF47A73B3FB9B
:10491000F1F3B2FBF3F31846FFF7BFFF0346002B9A
:1049200001D001230EE07B680F2B0AD800227968A2
:104930004FF0FF30FFF787FF064A7B6813600023C4
:1049400000E0012318460837BD4680BD68000020FE
:10495000700000206C00002080B400AF064B1B7874
:104960001A46064B1B681344044A136000BFBD4639
:104970005DF8047B704700BF70000020B00000208D
:1049800080B400AF034B1B681846BD465DF8047B3E
:10499000704700BFB000002080B584B000AF7860E1
:1049A000FFF7EEFFB8607B68FB60FB68B3F1FF3F89
:1049B00005D00A4B1B781A46FB681344FB6000BF06
:1049C000FFF7DEFF0246BB68D31AFA689A42F7D8AF
:1049D00000BF00BF1037BD4680BD00BF7000002083
:1049E00080B582B000AF78607B68002B01D10123D5
:1049F0007BE07B685B6A002B08D17B685B68B3F562
:104A0000827F09D07B680022DA6105E07B680022A2
:104A10001A617B6800225A617B6800229A627B6877
:104A200093F85130DBB2002B06D17B68002283F86B
:104A30005020786803F0C6F97B68022283F8512081
:104A40007B681B681A687B681B6822F040021A604A
:104A50007B685B6803F482727B689B6803F40443A1
:104A60001A437B68DB6803F400631A437B681B69A5
:104A700003F002031A437B685B6903F001031A43E6
:104A80007B689B6903F400731A437B68DB6903F05E
:104A900038031A437B681B6A03F0800342EA030170
:104AA0007B689B6A03F400527B681B680A431A60A8
:104AB0007B689B691B0C03F004017B685B6A03F055
:104AC00010027B681B680A435A607B681B68DA69BE
:104AD0007B681B6822F40062DA617B6800225A65F9
:104AE0007B68012283F85120002318460837BD4611
:104AF00080BD80B588B000AFF860B9603B601346F8
:104B0000FB80FFF73DFFF861FB887B83FB6893F830
:104B10005130DBB2012B01D002232AE1BB68002B0C
:104B200002D0FB88002B01D1012322E1FB6893F81E
:104B30005030012B01D102231BE1FB68012283F8D5
:104B40005020FB68032283F85120FB6800225A653D
:104B5000FB68BA681A63FB68FA889A86FB68FA8869
:104B6000DA86FB6800229A63FB6800229A87FB685A
:104B70000022DA87FB6800225A64FB6800221A646C
:104B8000FB689B68B3F5004F0FD1FB681B681A6880
:104B9000FB681B6822F040021A60FB681B681A68F9
:104BA000FB681B6842F480421A60FB681B681B6844
:104BB00003F04003402B07D0FB681B681A68FB68B2
:104BC0001B6842F040021A60FB68DB68B3F5006FB7
:104BD00052D1FB685B68002B02D07B8B012B45D147
:104BE000FB681B6B1A88FB681B68DA60FB681B6B31
:104BF0009A1CFB681A63FB68DB8E9BB2013B9AB27E
:104C0000FB68DA8632E0FB681B689B6803F00203EE
:104C1000022B12D1FB681B6B1A88FB681B68DA60D9
:104C2000FB681B6B9A1CFB681A63FB68DB8E9BB2EC
:104C3000013B9AB2FB68DA8618E0FFF7A1FE024654
:104C4000FB69D31A3A689A4203D83B68B3F1FF3F35
:104C500002D13B68002B09D1FB68012283F8512067
:104C6000FB68002283F85020032382E0FB68DB8E80
:104C70009BB2002BC7D153E0FB685B68002B02D0CE
:104C80007B8B012B47D1FB681A6BFB681B680C33CD
:104C900012781A70FB681B6B5A1CFB681A63FB685E
:104CA000DB8E9BB2013B9AB2FB68DA8633E0FB688D
:104CB0001B689B6803F00203022B13D1FB681A6B7D
:104CC000FB681B680C3312781A70FB681B6B5A1C4C
:104CD000FB681A63FB68DB8E9BB2013B9AB2FB68F0
:104CE000DA8618E0FFF74CFE0246FB69D31A3A68F1
:104CF0009A4203D83B68B3F1FF3F02D13B68002BD7
:104D000009D1FB68012283F85120FB68002283F857
:104D1000502003232DE0FB68DB8E9BB2002BC6D115
:104D2000FA693968F86800F0D9FB0346002B02D015
:104D3000FB6820225A65FB689B68002B0AD1002380
:104D40007B61FB681B68DB687B61FB681B689B6899
:104D50007B617B69FB68012283F85120FB6800229C
:104D600083F85020FB685B6D002B01D0012300E02D
:104D7000002318462037BD4680BD80B588B002AFFD
:104D8000F860B9603B601346FB80FB6893F85130D4
:104D9000DBB2012B01D0022304E1BB68002B02D05F
:104DA000FB88002B01D10123FCE0FB685B68B3F5B5
:104DB000827F12D1FB689B68002B0ED1FB68042216
:104DC00083F85120FA883B6800931346BA68B968A3
:104DD000F86800F0EBF80346E4E0FFF7D1FD7861F6
:104DE000FB6893F85030012B01D10223DAE0FB6815
:104DF000012283F85020FB68042283F85120FB68CD
:104E000000225A65FB68BA689A63FB68FA889A8739
:104E1000FB68FA88DA87FB6800221A63FB680022C5
:104E20009A86FB680022DA86FB6800221A64FB6817
:104E300000225A64FB689B68B3F5004F0FD1FB68F2
:104E40001B681A68FB681B6822F040021A60FB6846
:104E50001B681A68FB681B6822F480421A60FB68B2
:104E60001B681B6803F04003402B07D0FB681B68DE
:104E70001A68FB681B6842F040021A60FB68DB6836
:104E8000002B70D135E0FB681B689B6803F00103C1
:104E9000012B15D1FB681B6803F10C02FB689B6BAF
:104EA0001278D2B21A70FB689B6B5A1CFB689A632B
:104EB000FB68DB8F9BB2013B9AB2FB68DA8718E094
:104EC000FFF75EFD02467B69D31A3A689A4203D81F
:104ED0003B68B3F1FF3F02D13B68002B09D1FB686F
:104EE000012283F85120FB68002283F8502003231D
:104EF00058E0FB68DB8F9BB2002BC4D138E0FB6825
:104F00001B689B6803F00103012B13D1FB681B682E
:104F1000DA68FB689B6B92B21A80FB689B6B9A1CE9
:104F2000FB689A63FB68DB8F9BB2013B9AB2FB681C
:104F3000DA8718E0FFF724FD02467B69D31A3A6846
:104F40009A4203D83B68B3F1FF3F02D13B68002B84
:104F500009D1FB68012283F85120FB68002283F805
:104F6000502003231EE0FB68DB8F9BB2002BC6D1D1
:104F70007A693968F86800F04BFA0346002B02D0D2
:104F8000FB6820225A65FB68012283F85120FB68E8
:104F9000002283F85020FB685B6D002B01D00123B9
:104FA00000E0002318461837BD4680BD80B58AB0A2
:104FB00000AFF860B9607A607B8001237B62FFF705
:104FC000DFFC3862FB6893F85130FB77FB685B6865
:104FD000BB617B88FB82FB7F012B0CD0BB69B3F5E7
:104FE000827F06D1FB689B68002B02D1FB7F042BDC
:104FF00001D002237FE1BB68002B05D07B68002B2A
:1050000002D07B88002B01D1012374E1FB6893F867
:105010005030012B01D102236DE1FB68012283F89E
:105020005020FB6893F85130DBB2042B03D0FB68AF
:10503000052283F85120FB6800225A65FB687A68D4
:105040009A63FB687A88DA87FB687A889A87FB68B4
:10505000BA681A63FB687A88DA86FB687A889A8667
:10506000FB6800221A64FB6800225A64FB681B6814
:105070001B6803F04003402B07D0FB681B681A68CD
:10508000FB681B6842F040021A60FB68DB68B3F5FE
:10509000006F7ED1FB685B68002B02D0FB8A012B7E
:1050A0006CD1FB681B6B1A88FB681B68DA60FB68B5
:1050B0001B6B9A1CFB681A63FB68DB8E9BB2013B7F
:1050C0009AB2FB68DA8659E0FB681B689B6803F0BC
:1050D0000203022B1BD1FB68DB8E9BB2002B16D088
:1050E0007B6A012B13D1FB681B6B1A88FB681B685A
:1050F000DA60FB681B6B9A1CFB681A63FB68DB8E2B
:105100009BB2013B9AB2FB68DA8600237B62FB68A4
:105110001B689B6803F00103012B19D1FB68DB8F2F
:105120009BB2002B14D0FB681B68DA68FB689B6B92
:1051300092B21A80FB689B6B9A1CFB689A63FB68AF
:10514000DB8F9BB2013B9AB2FB68DA8701237B625B
:10515000FFF716FC02463B6AD31A3A6B9A420DD807
:105160003B6BB3F1FF3F09D0FB68012283F851206C
:10517000FB68002283F850200323BCE0FB68DB8E31
:105180009BB2002BA0D1FB68DB8F9BB2002B9BD185
:1051900082E0FB685B68002B02D0FB8A012B71D197
:1051A000FB681A6BFB681B680C3312781A70FB687B
:1051B0001B6B5A1CFB681A63FB68DB8E9BB2013BBE
:1051C0009AB2FB68DA865DE0FB681B689B6803F0B7
:1051D0000203022B1CD1FB68DB8E9BB2002B17D085
:1051E0007B6A012B14D1FB681A6BFB681B680C33BC
:1051F00012781A70FB681B6B5A1CFB681A63FB68F9
:10520000DB8E9BB2013B9AB2FB68DA8600237B629D
:10521000FB681B689B6803F00103012B19D1FB6835
:10522000DB8F9BB2002B14D0FB681B68DA68FB682D
:105230009B6BD2B21A70FB689B6B5A1CFB689A631B
:10524000FB68DB8F9BB2013B9AB2FB68DA870123D4
:105250007B62FFF795FB02463B6AD31A3A6B9A4290
:1052600003D83B6BB3F1FF3F02D13B6B002B09D15D
:10527000FB68012283F85120FB68002283F850204C
:10528000032338E0FB68DB8E9BB2002B9CD1FB68CC
:10529000DB8F9BB2002B97D13A6A396BF86800F02C
:1052A0001DF90346002B08D0FB6820225A65FB68D5
:1052B000002283F8502001231DE0FB689B68002B2F
:1052C0000AD100233B61FB681B68DB683B61FB681C
:1052D0001B689B683B613B69FB68012283F8512096
:1052E000FB68002283F85020FB685B6D002B01D027
:1052F000012300E0002318462837BD4680BD00008A
:1053000080B588B000AFF860B9603B601346FB71B0
:10531000FFF736FB0246BB6A9B1A3A681344FB61EF
:10532000FFF72EFBB861394B1B685B011B0DFA6957
:1053300002FB03F37B6155E03B68B3F1FF3F51D0C3
:10534000FFF71EFB0246BB69D31AFA699A4202D9DB
:10535000FB69002B3DD1FB681B685A68FB681B6822
:1053600022F0E0025A60FB685B68B3F5827F11D1DE
:10537000FB689B68B3F5004F04D0FB689B68B3F5EE
:10538000806F07D1FB681B681A68FB681B6822F0F6
:1053900040021A60FB689B6AB3F5005F0FD1FB689F
:1053A0001B681A68FB681B6822F400521A60FB68CD
:1053B0001B681A68FB681B6842F400521A60FB689D
:1053C000012283F85120FB68002283F85020032338
:1053D00018E07B69002B02D10023FB6102E07B69AE
:1053E000013B7B61FB681B689A68BB681340BA6825
:1053F0009A420CBF01230023DBB21A46FB799A4282
:105400009AD1002318462037BD4680BD6800002091
:1054100080B586B002AFF860B9607A60FB685B68FF
:10542000B3F5827F11D1FB689B68B3F5004F04D0C0
:10543000FB689B68B3F5806F07D1FB681B681A682F
:10544000FB681B6822F040021A60FB685B68B3F5DA
:10545000827F2AD1FB689B68B3F5806F12D07B688E
:105460000093BB6800228021F868FFF749FF0346DC
:10547000002B2DD0FB685B6D43F02002FB685A6562
:10548000032326E07B680093BB6800220121F868B3
:10549000FFF736FF0346002B1AD0FB685B6D43F025
:1054A0002002FB685A65032313E07B680093BB6806
:1054B00000220121F868FFF723FF0346002B07D0E5
:1054C000FB685B6D43F02002FB685A65032300E034
:1054D000002318461037BD4680BD000080B588B057
:1054E00002AFF860B9607A607B680093BB68012204
:1054F0000221F868FFF704FF0346002B07D0FB6882
:105500005B6D43F02002FB685A65032332E01B4BBE
:105510001B681B4AA2FB03235B0D4FF47A7202FB4C
:1055200003F37B61FB685B68B3F5827F12D17B6814
:105530000093BB6800228021F868FFF7E1FE034674
:10554000002B16D0FB685B6D43F02002FB685A65A8
:1055500003230FE07B69002B0AD07B69013B7B6151
:10556000FB681B689B6803F08003802BF2D000E08F
:1055700000BF002318461837BD4680BD68000020D4
:10558000819F5E1680B582B000AF78607B68002B8B
:1055900001D1012341E07B6893F83D30DBB2002B61
:1055A00006D17B68002283F83C20786802F0F8FD81
:1055B0007B68022283F83D207B681A687B6804338D
:1055C0001946104600F07EFA7B68012283F84620D7
:1055D0007B68012283F83E207B68012283F83F200C
:1055E0007B68012283F840207B68012283F84120F8
:1055F0007B68012283F842207B68012283F84320E4
:105600007B68012283F844207B68012283F84520CF
:105610007B68012283F83D20002318460837BD46E9
:1056200080BD000080B485B000AF78607B6893F8DF
:105630003D30DBB2012B01D001234EE07B6802221A
:1056400083F83D207B681B68DA687B681B6842F042
:105650000102DA607B681B68234A934222D07B6890
:105660001B68B3F1804F1DD07B681B681F4A9342B3
:1056700018D07B681B681E4A934213D07B681B6856
:105680001C4A93420ED07B681B681B4A934209D088
:105690007B681B68194A934204D07B681B68184AD0
:1056A000934211D17B681B689B6803F00703FB6082
:1056B000FB68062B10D07B681B681A687B681B6828
:1056C00042F001021A6007E07B681B681A687B6879
:1056D0001B6842F001021A60002318461437BD46C9
:1056E0005DF8047B704700BF0000014000040040EB
:1056F00000080040000C0040000401400040014050
:105700000018004080B584B000AF78607B681B68EB
:10571000DB68FB607B681B681B69BB60BB6803F0D0
:105720000203002B20D0FB6803F00203002B1BD0E8
:105730007B681B686FF002021A617B6801221A778E
:105740007B681B689B6903F00303002B03D0786818
:1057500000F099F905E0786800F08BF9786800F0BE
:105760009CF97B6800221A77BB6803F00403002BC6
:1057700020D0FB6803F00403002B1BD07B681B6860
:105780006FF004021A617B6802221A777B681B683B
:105790009B6903F44073002B03D0786800F073F921
:1057A00005E0786800F065F9786800F076F97B68C4
:1057B00000221A77BB6803F00803002B20D0FB6897
:1057C00003F00803002B1BD07B681B686FF00802F6
:1057D0001A617B6804221A777B681B68DB6903F017
:1057E0000303002B03D0786800F04DF905E07868DA
:1057F00000F03FF9786800F050F97B6800221A77D2
:10580000BB6803F01003002B20D0FB6803F01003EB
:10581000002B1BD07B681B686FF010021A617B683D
:1058200008221A777B681B68DB6903F44073002B3E
:1058300003D0786800F027F905E0786800F019F9DE
:10584000786800F02AF97B6800221A77BB6803F0B9
:105850000103002B0CD0FB6803F00103002B07D0E1
:105860007B681B686FF001021A6178680BF089FA97
:10587000BB6803F08003002B0CD0FB6803F08003AF
:10588000002B07D07B681B686FF080021A61786874
:1058900000F0DEFABB6803F04003002B0CD0FB687D
:1058A00003F04003002B07D07B681B686FF04002B9
:1058B0001A61786800F0FBF8BB6803F02003002B46
:1058C0000CD0FB6803F02003002B07D07B681B681B
:1058D0006FF020021A61786800F0B0FA00BF10374C
:1058E000BD4680BD80B584B000AF786039600023CC
:1058F000FB737B6893F83C30012B01D10223B4E0A9
:105900007B68012283F83C207B68022283F83D20DB
:105910007B681B689B68BB60BB6823F07703BB6038
:10592000BB6823F47F43BB607B681B68BA689A60DE
:105930003B681B68B3F5005F3ED0B3F5005F00F233
:105940008780B3F5805F00F08680B3F5805F7FD8F5
:10595000702B1AD0702B7BD8602B50D0602B77D84F
:10596000502B3CD0502B73D8402B58D0402B6FD8A5
:10597000302B64D0302B6BD8202B60D0202B67D8F5
:10598000002B5CD0102B5AD062E07B6818683B6813
:1059900099683B685A683B68DB6800F0B3F97B683C
:1059A0001B689B68BB60BB6843F07703BB607B6888
:1059B0001B68BA689A604FE07B6818683B68996812
:1059C0003B685A683B68DB6800F09CF97B681B68A1
:1059D0009A687B681B6842F480429A603CE07B686E
:1059E00018683B6859683B68DB681A4600F010F994
:1059F0007B681B685021184600F069F92CE07B6831
:105A000018683B6859683B68DB681A4600F02FF954
:105A10007B681B686021184600F059F91CE07B6820
:105A200018683B6859683B68DB681A4600F0F0F874
:105A30007B681B684021184600F049F90CE07B6840
:105A40001A683B681B681946104600F040F903E0ED
:105A50000123FB7300E000BF7B68012283F83D2037
:105A60007B68002283F83C20FB7B18461037BD463C
:105A700080BD80B483B000AF786000BF0C37BD46F6
:105A80005DF8047B704780B483B000AF786000BFDE
:105A90000C37BD465DF8047B704780B483B000AF1F
:105AA000786000BF0C37BD465DF8047B704780B45A
:105AB00083B000AF786000BF0C37BD465DF8047B53
:105AC0007047000080B485B000AF786039607B68B3
:105AD0001B68FB607B68434A934213D07B68B3F139
:105AE000804F0FD07B68404A93420BD07B683F4A7F
:105AF000934207D07B683E4A934203D07B683D4A7D
:105B0000934208D1FB6823F07003FB603B685B683D
:105B1000FA681343FB607B68324A93422BD07B6860
:105B2000B3F1804F27D07B682F4A934223D07B6804
:105B30002E4A93421FD07B682D4A93421BD07B682C
:105B40002C4A934217D07B682B4A934213D07B6830
:105B50002A4A93420FD07B68294A93420BD07B6834
:105B6000284A934207D07B68274A934203D07B6838
:105B7000264A934208D1FB6823F44073FB603B68DC
:105B8000DB68FA681343FB60FB6823F080023B6824
:105B90005B691343FB603B689A687B68DA623B6829
:105BA0001A687B689A627B680E4A934203D07B68CE
:105BB000104A934203D13B681A697B681A637B6879
:105BC0001B6843F004027B681A607B6801225A61FB
:105BD0007B68FA681A6000BF1437BD465DF8047B25
:105BE000704700BF00000140000400400008004072
:105BF000000C00400004014000400140004401400E
:105C00000048014000180040001C004000200040F7
:105C100080B487B000AFF860B9607A60FB681B6A37
:105C20007B61FB681B6A23F00102FB681A62FB6858
:105C30009B693B613B6923F0F0033B617B681B017F
:105C40003A6913433B617B6923F00A037B617A69FC
:105C5000BB6813437B61FB683A699A61FB687A69A8
:105C60001A6200BF1C37BD465DF8047B704780B4E4
:105C700087B000AFF860B9607A60FB681B6A7B612F
:105C8000FB681B6A23F01002FB681A62FB689B69C1
:105C90003B613B6923F470433B617B681B033A69BA
:105CA00013433B617B6923F0A0037B61BB681B014D
:105CB0007A6913437B61FB683A699A61FB687A6988
:105CC0001A6200BF1C37BD465DF8047B704780B484
:105CD00085B000AF786039607B689B68FB60FB68CB
:105CE00023F07003FB603A68FB68134343F007033B
:105CF000FB607B68FA689A6000BF1437BD465DF8A8
:105D0000047B704780B487B000AFF860B9607A60F8
:105D10003B60FB689B687B617B6923F47F437B610D
:105D20003B681A027B681A43BB6813437A691343C2
:105D30007B61FB687A699A6000BF1C37BD465DF8DD
:105D4000047B704780B485B000AF786039607B68B1
:105D500093F83C30012B01D102235AE07B680122E9
:105D600083F83C207B68022283F83D207B681B6817
:105D70005B68FB607B681B689B68BB60FB6823F00B
:105D80007003FB603B681B68FA681343FB607B6829
:105D90001B68FA685A607B681B68214A934222D0CC
:105DA0007B681B68B3F1804F1DD07B681B681D4A60
:105DB000934218D07B681B681B4A934213D07B68C0
:105DC0001B681A4A93420ED07B681B68184A93429C
:105DD00009D07B681B68174A934204D07B681B6814
:105DE000154A93420CD1BB6823F08003BB603B682B
:105DF0005B68BA681343BB607B681B68BA689A60CB
:105E00007B68012283F83D207B68002283F83C20D8
:105E1000002318461437BD465DF8047B704700BF69
:105E2000000001400004004000080040000C004059
:105E300000040140004001400018004080B483B0DD
:105E400000AF786000BF0C37BD465DF8047B70473B
:105E500080B483B000AF786000BF0C37BD465DF8FA
:105E6000047B704780B582B000AF78607B68002B00
:105E700001D1012342E07B6893F84130DBB2002B73
:105E800006D17B68002283F84020786802F020FB6E
:105E90007B68242283F841207B681B68DA687B6872
:105EA0001B6822F40052DA60786801F057FA7B68C8
:105EB0001B681A697B681B6822F490421A617B6830
:105EC0001B685A697B681B6822F02A025A617B684A
:105ED0001B68DA687B681B6842F40052DA607B68F2
:105EE00000225A647B68202283F841207B682022AC
:105EF00083F842207B6800225A6300231846083743
:105F0000BD4680BD80B58AB002AFF860B9603B6025
:105F10001346FB8000237B61FB6893F84130DBB2C2
:105F2000202B75D1BB68002B02D0FB88002B01D140
:105F300001236EE0FB6800225A64FB68212283F88B
:105F40004120FEF71DFD7861FB68FA889A84FB68A2
:105F5000FA88DA84FB689B68B3F5805F08D1FB6838
:105F60001B69002B04D10023FB61BB68BB6103E00C
:105F7000BB68FB610023BB612EE03B6800937B693B
:105F800000228021F86800F0C8FE0346002B05D0EF
:105F9000FB68202283F8412003233AE0FB69002BB1
:105FA0000BD1BB691B881A46FB681B68C2F3080249
:105FB0005A60BB690233BB6107E0FB691A78FB6872
:105FC0001B685A60FB690133FB61FB68DB8C9BB289
:105FD000013B9AB2FB68DA84FB68DB8C9BB2002B36
:105FE000CBD13B6800937B6900224021F86800F028
:105FF00094FE0346002B05D0FB68202283F8412045
:10600000032306E0FB68202283F84120002300E000
:10601000022318462037BD4680BD000080B58CB0F5
:1060200000AFF860B9601346FB80FB6893F841301D
:10603000DBB2202B62D1BB68002B02D0FB88002B87
:1060400001D101235BE0BA68FB681A62FB68FA8839
:106050009A84FB68FA88DA84FB6800225A64FB6839
:10606000212283F84120FB689B6B274ADA63FB6897
:106070009B6B264A1A64FB689B6B254ADA64FB68B3
:106080009B6B00221A6507F10803FB62FB68986BA3
:10609000FB6A1968FB681B6804331A46FB88FDF726
:1060A000A3FF0346002B08D0FB6810225A64FB684C
:1060B000202283F84120012321E0FB681B686FF058
:1060C00040021A60FB681B681433BB61BB6953E86C
:1060D000003F7B617B6943F08003BB62FB681B6808
:1060E0001433BA6A7A623B62396A7A6A41E80023F9
:1060F000FB61FB69002BE5D1002300E00223184679
:106100003037BD4680BD00BF696A0008036B0008D8
:10611000876C000880B584B000AFF860B9601346A2
:10612000FB80FB6893F84230DBB2202B12D1BB68B6
:10613000002B02D0FB88002B01D101230BE0FB6870
:1061400000221A63FB881A46B968F86800F03EFE20
:10615000034600E0022318461037BD4680BD80B5D7
:1061600090B000AF78600023FB637B681B685B69BD
:1061700003F08003802B0CBF01230023DBB2FB6301
:106180007B6893F84130DBB2212B28D1FB6B002BCD
:1061900025D07B681B6814337B627B6A53E8003F21
:1061A0003B623B6A23F08003BB637B681B6814334C
:1061B000BA6B3A63FB62F96A3A6B41E80023BB624F
:1061C000BB6A002BE5D17B689B6B002B04D07B68FE
:1061D0009B6B1846FDF760FF786800F09DFE7B68BA
:1061E0001B685B6903F04003402B0CBF01230023B5
:1061F000DBB2FB637B6893F84230DBB2222B28D101
:10620000FB6B002B25D07B681B6814333B613B691B
:1062100053E8003FFB60FB6823F040037B637B682F
:106220001B6814337A6BFA61BB61B969FA6941E89A
:1062300000237B617B69002BE5D17B68DB6B002B46
:1062400004D07B68DB6B1846FDF726FF786800F00A
:106250008BFE002318464037BD4680BD80B5A2B0F6
:1062600000AF78600123C7F884307B681B680C336B
:106270003B663B6E53E8003FFB65FB6D23F4F07318
:10628000C7F880307B681B680C33D7F88020FA662B
:10629000BB66B96EFA6E41E800237B667B6E002B0D
:1062A000E3D17B681B681433FB64FB6C53E8003F4D
:1062B000BB64BB6C23F00103FB677B681B68143372
:1062C000FA6FBA657B65796DBA6D41E800233B656D
:1062D0003B6D002BE5D17B681B6B012B19D17B68D3
:1062E0001B680C33BB63BB6B53E8003F7B637B6B6A
:1062F00023F01003BB677B681B680C33BA6F7A64AA
:106300003B64396C7A6C41E80023FB63FB6B002B28
:10631000E5D17B689B6B002B0FD07B681B685B69AA
:1063200003F08003802B04D17B689B6B534A1A6572
:1063300003E07B689B6B00221A657B68DB6B002B9C
:106340000FD07B681B685B6903F04003402B04D1CE
:106350007B68DB6B4A4A1A6503E07B68DB6B0022D3
:106360001A657B681B685B6903F08003802B2DD165
:106370007B681B6814337B627B6A53E8003F3B6297
:106380003B6A23F080037B677B681B6814337A6F5A
:106390003A63FB62F96A3A6B41E80023BB62BB6A6D
:1063A000002BE5D17B689B6B002B0FD07B689B6B30
:1063B0001846FDF7E1FE0346002B04D07B689B6B7B
:1063C00000221A6502E00023C7F884307B681B684E
:1063D0005B6903F04003402B30D17B681B681433AA
:1063E0003B613B6953E8003FFB60FB6823F04003DF
:1063F0003B677B681B6814333A6FFA61BB61B9690C
:10640000FA6941E800237B617B69002BE5D17B6859
:10641000DB6B002B12D07B68DB6B1846FDF7ACFE04
:106420000346002B07D07B68DB6B00221A65012333
:10643000C7F8843002E00023C7F88430D7F88430EE
:10644000012B16D17B680022DA847B680022DA8572
:106450007B6800225A647B68202283F841207B6895
:10646000202283F842207B6800221A63786800F0BB
:10647000E5FA002318468837BD4680BD51700008F4
:10648000B170000880B5BAB000AF78607B681B6857
:106490001B68C7F8E4307B681B68DB68C7F8E0302E
:1064A0007B681B685B69C7F8DC300023C7F8D8300D
:1064B0000023C7F8D430D7F8E43003F00F03C7F84F
:1064C000D830D7F8D830002B0FD1D7F8E43003F00C
:1064D0002003002B09D0D7F8E03003F02003002B75
:1064E00003D0786800F07CFE73E2D7F8D830002B38
:1064F00000F0DE80D7F8DC3003F00103002B06D17A
:10650000D7F8E03003F49073002B00F0D180D7F877
:10651000E43003F00103002B0BD0D7F8E03003F494
:106520008073002B05D07B685B6C43F001027B68B5
:106530005A64D7F8E43003F00403002B0BD0D7F8EB
:10654000DC3003F00103002B05D07B685B6C43F06B
:1065500002027B685A64D7F8E43003F00203002B90
:106560000BD0D7F8DC3003F00103002B05D07B689B
:106570005B6C43F004027B685A64D7F8E43003F0A4
:106580000803002B11D0D7F8E03003F02003002BD4
:1065900005D1D7F8DC3003F00103002B05D07B6870
:1065A0005B6C43F008027B685A647B685B6C002B71
:1065B00000F00A82D7F8E43003F02003002B08D063
:1065C000D7F8E03003F02003002B02D0786800F009
:1065D00007FE7B681B685B6903F04003402B0CBF20
:1065E00001230023DBB2C7F8D4307B685B6C03F077
:1065F0000803002B03D1D7F8D430002B4FD0786894
:1066000000F0B2FC7B681B685B6903F04003402B21
:1066100041D17B681B681433C7F89C30D7F89C3095
:1066200053E8003FC7F89830D7F8983023F040037C
:10663000C7F8D0307B681B681433D7F8D020C7F870
:10664000A820C7F8A430D7F8A410D7F8A82041E8AC
:106650000023C7F8A030D7F8A030002BD9D17B6831
:10666000DB6B002B13D07B68DB6B8A4A1A657B6877
:10667000DB6B1846FDF780FD0346002B16D07B68C8
:10668000DB6B1B6D7A68D26B104698470EE078681A
:1066900000F0CAF90AE0786800F0C6F906E0786808
:1066A00000F0C2F97B6800225A648DE100BF8BE1E3
:1066B0007B681B6B012B40F06781D7F8E43003F057
:1066C0001003002B00F06081D7F8E03003F01003D6
:1066D000002B00F059810023BB607B681B681B689E
:1066E000BB607B681B685B68BB60BB687B681B68C2
:1066F0005B6903F04003402B40F0CE807B68DB6B8E
:106700001B685B68A7F8BE30B7F8BE30002B00F0FE
:10671000A9807B689B8DB7F8BE209A4280F0A2804A
:106720007B68B7F8BE20DA857B68DB6BDB69B3F585
:10673000807F00F088807B681B680C33C7F8883046
:10674000D7F8883053E8003FC7F88430D7F8843052
:1067500023F48073C7F8B8307B681B680C33D7F814
:10676000B820C7F89420C7F89030D7F89010D7F821
:10677000942041E80023C7F88C30D7F88C30002BE8
:10678000D9D17B681B6814337B677B6F53E8003F6C
:106790003B673B6F23F00103C7F8B4307B681B688D
:1067A0001433D7F8B420C7F88020FB67F96FD7F807
:1067B000802041E80023BB67BB6F002BE1D17B68E1
:1067C0001B6814333B663B6E53E8003FFB65FB6D73
:1067D00023F04003C7F8B0307B681B681433D7F848
:1067E000B020FA66BB66B96EFA6E41E800237B669C
:1067F0007B6E002BE3D17B68202283F842207B68EC
:1068000000221A637B681B680C33FB64FB6C53E843
:10681000003FBB64BB6C23F01003C7F8AC307B684F
:106820001B680C33D7F8AC20BA657B65796DBA6DFF
:1068300041E800233B653B6D002BE3D17B68DB6BBC
:106840001846FDF729FC7B6802225A637B689A8D03
:106850007B68DB8D9BB2D31A9BB21946786800F037
:10686000F7F8B3E07B689B8DB7F8BE209A4240F002
:10687000AD807B68DB6BDB69B3F5807F40F0A68081
:106880007B6802225A637B689B8D1946786800F00A
:10689000DFF89BE02F7000087B689A8D7B68DB8DAA
:1068A0009BB2D31AA7F8CE307B68DB8D9BB2002B4E
:1068B00000F08E80B7F8CE30002B00F089807B6826
:1068C0001B680C33BB63BB6B53E8003F7B637B6B84
:1068D00023F49073C7F8C8307B681B680C33D7F873
:1068E000C8207A643B64396C7A6C41E80023FB630E
:1068F000FB6B002BE3D17B681B6814337B627B6AE4
:1069000053E8003F3B623B6A23F00103C7F8C43001
:106910007B681B681433D7F8C4203A63FB62F96ABA
:106920003A6B41E80023BB62BB6A002BE3D17B6872
:10693000202283F842207B6800221A637B681B6850
:106940000C333B613B6953E8003FFB60FB6823F07D
:106950001003C7F8C0307B681B680C33D7F8C02021
:10696000FA61BB61B969FA6941E800237B617B691F
:10697000002BE3D17B6802225A63B7F8CE30194668
:10698000786800F065F823E0D7F8E43003F080037E
:10699000002B09D0D7F8E03003F08003002B03D0A0
:1069A000786800F0B5FB14E0D7F8E43003F040035A
:1069B000002B0ED0D7F8E03003F04003002B08D0B6
:1069C000786800F0F5FB04E000BF02E000BF00E0E3
:1069D00000BFE837BD4680BD80B483B000AF7860AB
:1069E00000BF0C37BD465DF8047B704780B483B0B0
:1069F00000AF786000BF0C37BD465DF8047B704780
:106A000080B483B000AF786000BF0C37BD465DF83E
:106A1000047B704780B483B000AF786000BF0C3750
:106A2000BD465DF8047B704780B483B000AF7860EA
:106A300000BF0C37BD465DF8047B704780B483B05F
:106A400000AF786000BF0C37BD465DF8047B70472F
:106A500080B483B000AF78600B467B8000BF0C37FA
:106A6000BD465DF8047B704780B590B000AF78609C
:106A70007B689B6BFB637B681B681B6803F48073FC
:106A8000002B37D1FB6B0022DA84FB6B1B681433BD
:106A90007B627B6A53E8003F3B623B6A23F08003E2
:106AA000BB63FB6B1B681433BA6B3A63FB62F96A16
:106AB0003A6B41E80023BB62BB6A002BE5D1FB6B5C
:106AC0001B680C333B613B6953E8003FFB60FB688C
:106AD00043F040037B63FB6B1B680C337A6BFA61FA
:106AE000BB61B969FA6941E800237B617B69002BCE
:106AF000E5D102E0F86BFFF76FFF00BF4037BD46FE
:106B000080BD80B584B000AF78607B689B6BFB6014
:106B1000F868FFF76BFF00BF1037BD4680BD80B53A
:106B20009CB000AF78607B689B6BFB667B681B68E2
:106B30001B6803F48073002B72D1FB6E0022DA8590
:106B4000FB6E1B680C33FB64FB6C53E8003FBB64BB
:106B5000BB6C23F48073BB66FB6E1B680C33BA6E90
:106B6000BA657B65796DBA6D41E800233B653B6D85
:106B7000002BE5D1FB6E1B681433BB63BB6B53E882
:106B8000003F7B637B6B23F001037B66FB6E1B681E
:106B900014337A6E7A643B64396C7A6C41E8002372
:106BA000FB63FB6B002BE5D1FB6E1B6814337B6230
:106BB0007B6A53E8003F3B623B6A23F040033B663D
:106BC000FB6E1B6814333A6E3A63FB62F96A3A6BE8
:106BD00041E80023BB62BB6A002BE5D1FB6E20229B
:106BE00083F84220FB6E1B6B012B19D1FB6E1B68D7
:106BF0000C333B613B6953E8003FFB60FB6823F0CB
:106C00001003FB65FB6E1B680C33FA6DFA61BB6108
:106C1000B969FA6941E800237B617B69002BE5D102
:106C2000FB6E00225A63FB6E1B6B012B06D1FB6EC1
:106C30009B8D1946F86EFFF70BFF02E0F86EFFF729
:106C4000DFFE00BF7037BD4680BD80B584B000AFA9
:106C500078607B689B6BFB60FB6801225A63FB6872
:106C60001B6B012B08D1FB689B8D5B089BB21946FF
:106C7000F868FFF7EDFE02E0F868FFF7CBFE00BF13
:106C80001037BD4680BD80B584B000AF786000236A
:106C9000FB607B689B6BBB60BB681B685B6903F038
:106CA0008003802B0CBF01230023DBB2FB60BB6899
:106CB00093F84130DBB2212B08D1FB68002B05D0C3
:106CC000BB680022DA84B86800F026F9BB681B684C
:106CD0005B6903F04003402B0CBF01230023DBB2B0
:106CE000FB60BB6893F84230DBB2222B08D1FB6813
:106CF000002B05D0BB680022DA85B86800F034F9B3
:106D0000BB685B6C43F01002BB685A64B868FFF75D
:106D10008BFE00BF1037BD4680BD80B586B000AF8A
:106D2000F860B9603B601346FB713BE03B6AB3F12E
:106D3000FF3F37D0FDF724FE02463B68D31A3A6A7C
:106D40009A4202D33B6A002B01D103233AE0FB684D
:106D50001B68DB6803F00403002B23D0BB68802B87
:106D600020D0BB68402B1DD0FB681B681B6803F05C
:106D70000803082B16D100237B61FB681B681B6886
:106D80007B61FB681B685B687B617B69F86800F06E
:106D9000EBF8FB6808225A64FB68002283F8402065
:106DA00001230FE0FB681B681A68BB681340BA68D0
:106DB0009A420CBF01230023DBB21A46FB799A42A8
:106DC000B4D0002318461837BD4680BD80B598B0B2
:106DD00000AFF860B9601346FB80BA68FB689A623E
:106DE000FB68FA889A85FB6800225A64FB682222B5
:106DF00083F84220FB68DB6B444ADA63FB68DB6B99
:106E0000434A1A64FB68DB6B424ADA64FB68DB6B5B
:106E100000221A6507F10803FB65FB68D86BFB6865
:106E20001B6804331946FB6D1A68FB88FDF7DCF814
:106E30000346002B08D0FB6810225A64FB6820220E
:106E400083F8422001235DE000233B61FB681B685F
:106E50001B683B61FB681B685B683B613B69FB68C7
:106E60001B69002B19D0FB681B680C333B643B6C1F
:106E700053E8003FFB63FB6B43F48073BB65FB6827
:106E80001B680C33BA6DFA64BB64B96CFA6C41E8E8
:106E900000237B647B6C002BE5D1FB681B681433FB
:106EA000FB62FB6A53E8003FBB62BB6A43F001032D
:106EB0007B65FB681B6814337A6DBA637B63796BFF
:106EC000BA6B41E800233B633B6B002BE5D1FB68C9
:106ED0001B681433BB61BB6953E8003F7B617B696E
:106EE00043F040033B65FB681B6814333A6D7A62DC
:106EF0003B62396A7A6A41E80023FB61FB69002B37
:106F0000E5D1002318466037BD4680BD1F6B0008E1
:106F10004B6C0008876C000880B489B000AF7860C3
:106F20007B681B680C33FB60FB6853E8003FBB6069
:106F3000BB6823F0C003FB617B681B680C33FA69F4
:106F4000BA617B617969BA6941E800233B613B69B9
:106F5000002BE5D17B68202283F8412000BF243735
:106F6000BD465DF8047B704780B495B000AF786093
:106F70007B681B680C337B637B6B53E8003F3B6390
:106F80003B6B23F49073FB647B681B680C33FA6CD7
:106F90003A64FB63F96B3A6C41E80023BB63BB6B5B
:106FA000002BE5D17B681B6814333B623B6A53E8D6
:106FB000003FFB61FB6923F00103BB647B681B6836
:106FC0001433BA6CFA62BB62B96AFA6A41E8002308
:106FD0007B627B6A002BE5D17B681B6B012B19D18F
:106FE0007B681B680C33FB60FB6853E8003FBB60A9
:106FF000BB6823F010037B647B681B680C337A6CDE
:10700000BA617B617969BA6941E800233B613B69F8
:10701000002BE5D17B68202283F842207B68002288
:107020001A6300BF5437BD465DF8047B704780B5D6
:1070300084B000AF78607B689B6BFB60FB680022CC
:10704000DA85F868FFF7F0FC00BF1037BD4680BD59
:1070500080B584B000AF78607B689B6BFB60FB6899
:107060009B6B00221A65FB68DB6B002B04D0FB686E
:10707000DB6B1B6D002B17D1FB680022DA84FB68E9
:107080000022DA85FB6800225A64FB68202283F81C
:107090004120FB68202283F84220FB6800221A630B
:1070A000F868FFF7CBFC00E000BF1037BD4680BD9D
:1070B00080B584B000AF78607B689B6BFB60FB6839
:1070C000DB6B00221A65FB689B6B002B04D0FB680E
:1070D0009B6B1B6D002B17D1FB680022DA84FB68C9
:1070E0000022DA85FB6800225A64FB68202283F8BC
:1070F0004120FB68202283F84220FB6800221A63AB
:10710000F868FFF79BFC00E000BF1037BD4680BD6C
:1071100080B485B000AF78607B6893F84130DBB213
:10712000212B3ED17B689B68B3F5805F14D17B68CF
:107130001B69002B10D17B681B6AFB60FB681B88F6
:107140001A467B681B68C2F308025A607B681B6A98
:107150009A1C7B681A6208E07B681B6A591C7A6873
:1071600011621A787B681B685A607B68DB8C9BB263
:10717000013B9BB27A681946D184002B0FD17B6802
:107180001B68DA687B681B6822F08002DA607B6823
:107190001B68DA687B681B6842F04002DA600023F3
:1071A00000E0022318461437BD465DF8047B7047A3
:1071B00080B582B000AF78607B681B68DA687B6856
:1071C0001B6822F04002DA607B68202283F84120AD
:1071D0007868FFF701FC002318460837BD4680BDDC
:1071E00080B58CB000AF78600023FB620023BB62E7
:1071F0007B6893F84230DBB2222B40F0AA807B6898
:107200009B68B3F5805F15D17B681B69002B11D19A
:107210007B689B6ABB627B681B685B689BB2C3F33D
:1072200008039AB2BB6A1A807B689B6A9A1C7B68C7
:107230009A6224E07B689B6AFB627B689B68B3F57B
:10724000805F07D07B689B68002B0AD17B681B6935
:10725000002B06D17B681B685B68DAB2FB6A1A7088
:1072600008E07B681B685B68DBB203F07F03DAB27F
:10727000FB6A1A707B689B6A5A1C7B689A627B68FF
:10728000DB8D9BB2013B9BB27A681946D185002BFE
:107290005DD17B681B68DA687B681B6822F020027E
:1072A000DA607B681B68DA687B681B6822F480728E
:1072B000DA607B681B685A697B681B6822F00102F0
:1072C0005A617B68202283F842207B6800225A633F
:1072D0007B681B6B012B35D17B6800221A637B68AE
:1072E0001B680C337B617B6953E8003F3B613B6962
:1072F00023F010037B627B681B680C337A6A3A6266
:10730000FB61F9693A6A41E80023BB61BB69002B64
:10731000E5D17B681B681B6803F01003102B0AD1B2
:107320000023FB607B681B681B68FB607B681B6835
:107330005B68FB60FB687B689B8D19467868FFF78C
:1073400087FB02E07868FFF75BFB002302E0002385
:1073500000E0022318463037BD4680BD2DE9B04F0E
:10736000C0B000AFC7F8F400D7F8F4301B681B6951
:1073700023F44050D7F8F430D968D7F8F4301A68BD
:1073800040EA01031361D7F8F4309A68D7F8F43073
:107390001B691A43D7F8F4305B691A43D7F8F43005
:1073A000DB691343C7F8F830D7F8F4301B68DB68A3
:1073B00023F4164121F00C01D7F8F4301A68D7F8FD
:1073C000F8300B43D360D7F8F4301B685B6923F4C3
:1073D0004070D7F8F4309969D7F8F4301A6840EA69
:1073E00001035361D7F8F4301A688F4B9A4205D0E5
:1073F000D7F8F4301A688D4B9A4204D1FCF77CFB25
:10740000C7F8FC0003E0FCF763FBC7F8FC00D7F803
:10741000F430DB69B3F5004F40F00C81D7F8FC3055
:107420000022C7F8E830C7F8EC20D7E93A452246F1
:107430002B469118B9655B41FB65D7E916232146B8
:1074400012EB0108294643EB01094FF000024FF00F
:1074500000034FEAC90343EA58734FEAC802904653
:107460009946234618EB0303C7F8E0302B4649EB57
:107470000303C7F8E430D7F8F4305B680022C7F89C
:10748000D830C7F8DC20D7E936120B46DB183B654D
:10749000134642EB03037B65D7E91423D7E9380190
:1074A000F9F750FE02460B46614BA3FB02235B0932
:1074B0001C01D7F8FC300022C7F8D030C7F8D42020
:1074C000D7E9348942464B469118B9645B41FB6465
:1074D000D7E91223414612EB010A494643EB010B5F
:1074E0004FF000024FF000034FEACB0343EA5A7318
:1074F0004FEACA0292469B4643461AEB0303C7F87B
:10750000C8304B464BEB0303C7F8CC30D7F8F43008
:107510005B680022C7F8C030C7F8C420D7E9301232
:107520000B46DB183B64134642EB03037B64D7E94D
:107530001023D7E93201F9F705FE02460B46114642
:107540003B4BA3FB01235B09642202FB03F3CB1A31
:10755000DB0003F13202364BA3FB02235B095B0025
:1075600003F4F8731C44D7F8FC300022C7F8B83095
:10757000C7F8BC20D7E92E8942464B469118B9631B
:107580005B41FB63D7E90E234146511839634946F5
:107590004B417B634FF000024FF00003D7E90CAB87
:1075A0005946CB00514643EA51735146CA00104632
:1075B0001946034642469B18C7F8B0304B460A4668
:1075C00042EB0303C7F8B430D7F8F4305B6800220D
:1075D000C7F8A830C7F8AC20D7E92A120B46DB1849
:1075E000BB62134642EB0303FB62D7E90A23D7E9E8
:1075F0002C01F9F7A7FD02460B460D4BA3FB021326
:107600005B09642101FB03F3D31ADB003233084A20
:10761000A2FB03235B0903F00702D7F8F4301B68D1
:1076200022449A6005E100BF0010014000140140AF
:107630001F85EB51D7F8FC300022C7F8A030C7F8FF
:10764000A420D7E9288942464B46911839625B410C
:107650007B62D7E9082341465418494643EB0105AC
:107660004FF000024FF00003EB0043EA5473E200D6
:1076700014461D464346E318C7F898304B4645EB81
:107680000303C7F89C30D7F8F4305B680022C7F8D2
:107690009030C7F894204FF000024FF00003D7E974
:1076A000244529468B00214643EA917321468A00EE
:1076B000D7E92601F9F746FD02460B46604BA3FBCE
:1076C00002235B091C01D7F8FC300022C7F8883080
:1076D000C7F88C20D7E9228942464B469118B961F8
:1076E0005B41FB61D7E906234146511839614946A0
:1076F0004B417B614FF000024FF00003D7E904AB30
:107700005946CB00514643EA51735146CA001046D0
:107710001946034642469B18C7F880304B460A4636
:1077200042EB0303C7F88430D7F8F4305B680022DB
:10773000BB67FA674FF000024FF00003D7E91E89DC
:1077400049468B00414643EA917341468A00D7E996
:107750002001F9F7F7FC02460B46394BA3FB021355
:107760005B09642101FB03F3D31A1B013233344A52
:10777000A2FB03235B0903F0F0031C44D7F8FC30A1
:1077800000223B677A67D7E91C8942464B4691182D
:10779000B9605B41FB60D7E902234146511839606B
:1077A00049464B417B604FF000024FF00003D7E9A0
:1077B00000AB5946CB00514643EA51735146CA00CB
:1077C00010461946034642469B18BB664B460A467E
:1077D00042EB0303FB66D7F8F4305B6800223B669C
:1077E0007A664FF000024FF00003D7E91889494646
:1077F0008B00414643EA917341468A00D7E91A015A
:10780000F9F7A0FC02460B460D4BA3FB02135B09E4
:10781000642101FB03F3D31A1B013233084AA2FB94
:1078200003235B0903F00F02D7F8F4301B682244EE
:107830009A6000BF07F58077BD46BDE8B08F00BFF6
:107840001F85EB5180B594B000AF07F120033022C3
:1078500000211846F9F7D4FE07F10C0300221A6044
:107860005A609A60DA601A610023BB60284B1B6C77
:10787000274A43F080531364254B1B6C03F080535D
:10788000BB60BB6800237B60224B1B68214A43F42A
:10789000804313601F4B1B6803F480437B607B684D
:1078A00002233B620123FB6210233B630223BB6381
:1078B0000023FB6308233B64A8237B640223BB648F
:1078C0000423FB6407F120031846FBF7D1FC0346B1
:1078D000002B01D000F020F80F23FB6002233B6156
:1078E00000237B614FF4A053BB614FF48053FB61D5
:1078F00007F10C0305211846FBF732FF0346002B66
:1079000001D000F009F800BF5037BD4680BD00BF70
:10791000003802400070004080B400AF72B600BF73
:10792000FEE7000080B58AB000AF07F11403002223
:107930001A605A609A60DA601A6100233B61404B1A
:107940001B6B3F4A43F0800313633D4B1B6B03F0FB
:1079500080033B613B690023FB60394B1B6B384A5A
:1079600043F001031363364B1B6B03F00103FB6011
:10797000FB680023BB60324B1B6B314A43F00403AE
:1079800013632F4B1B6B03F00403BB60BB68002326
:107990007B602B4B1B6B2A4A43F002031363284B7B
:1079A0001B6B03F002037B607B6800233B60244B6E
:1079B0001B6B234A43F008031363214B1B6B03F03B
:1079C00008033B603B68002210211E48FCF744FA84
:1079D000002210211C48FCF73FFA002264211B48BA
:1079E000FCF73AFA10237B610123BB610023FB61A2
:1079F00003233B6207F1140319461248FCF790F881
:107A000010237B610123BB610023FB6103233B62E5
:107A100007F1140319460C48FCF782F864237B61D4
:107A20000123BB610023FB6100233B6207F11403C8
:107A300019460648FCF774F800BF2837BD4680BDDC
:107A400000380240000002400008024000040240EA
:107A500080B500AF174B184A1A60164B06225A60C1
:107A6000144B00229A60134B0022DA60114B4FF442
:107A700040321A610F4B4FF480125A610D4B0022B5
:107A80001A760C4B01225A760A4B00229A76094B41
:107A90000122DA76074B00221A77064B00225A772A
:107AA0000448FAF755FD0346002B01D0FFF734FFD9
:107AB00000BF80BDB40000200064004080B500AF6E
:107AC000174B184A1A60164B06225A60144B0022B4
:107AD0009A60134B0022DA60114B4FF440321A6166
:107AE0000F4B4FF480125A610D4B00221A760C4B4B
:107AF00001225A760A4B00229A76094B0122DA7645
:107B0000074B00221A77064B00225A770448FAF7EF
:107B10001FFD0346002B01D0FFF7FEFE00BF80BD16
:107B2000DC0000200068004080B58CB000AF7860B9
:107B300007F11C0300221A605A609A60DA601A6129
:107B40007B681B684B4A93423ED14B4B1B68013309
:107B5000494A1360484B1B68012B0DD10023BB61C0
:107B6000464B1B6C454A43F000731364434B1B6C3C
:107B700003F00073BB61BB6900237B613F4B1B6B50
:107B80003E4A43F0010313633C4B1B6B03F00103BC
:107B90007B617B694FF4C053FB6102233B6200238E
:107BA0007B620323BB620923FB6207F11C031946B6
:107BB0003348FBF7B5FF002200211420FCF743FEF9
:107BC0001420FCF75CFE50E07B681B682D4A934252
:107BD0004BD100233B61294B1B6C284A43F0806347
:107BE0001364264B1B6C03F080633B613B69224BA3
:107BF0001B680133204A13601F4B1B68012B0DD1FA
:107C00000023FB601D4B1B6C1C4A43F00073136484
:107C10001A4B1B6C03F00073FB60FB680023BB6016
:107C2000164B1B6B154A43F002031363134B1B6B7C
:107C300003F00203BB60BB684FF44053FB610223B7
:107C40003B6200237B620323BB620923FB6207F1D3
:107C50001C0319460C48FBF763FF0022002141205A
:107C6000FCF7F1FD4120FCF70AFE00BF3037BD46AE
:107C700080BD00BF006400400401002000380240C5
:107C800000000240006800400004024080B582B05D
:107C900000AF00237B602F4B1B6B2E4A43F4800305
:107CA00013632C4B1B6B03F480037B607B68002306
:107CB0003B60284B1B6B274A43F400131363254B8F
:107CC0001B6B03F400133B603B68002200210B2078
:107CD000FCF7B9FD0B20FCF7D2FD002200210C209F
:107CE000FCF7B1FD0C20FCF7CAFD002200210E209C
:107CF000FCF7A9FD0E20FCF7C2FD00220021102098
:107D0000FCF7A1FD1020FCF7BAFD00220021112094
:107D1000FCF799FD1120FCF7B2FD002200212F2075
:107D2000FCF791FD2F20FCF7AAFD0022002139204D
:107D3000FCF789FD3920FCF7A2FD002200213A2042
:107D4000FCF781FD3A20FCF79AFD00BF0837BD46DD
:107D500080BD00BF0038024080B500AF174B184A05
:107D60001A60164B4FF482725A60144B00229A60CC
:107D7000124B0022DA60114B00221A610F4B0022D5
:107D80005A610E4B4FF400729A610C4B1822DA6163
:107D90000A4B00221A62094B00225A62074B00224A
:107DA0009A62064B0A22DA620448FCF719FE03467F
:107DB000002B01D0FFF7B0FD00BF80BD08010020FF
:107DC0000030014080B58AB000AF786007F114033D
:107DD00000221A605A609A60DA601A617B681B6838
:107DE000194A93422BD100233B61184B5B6C174A15
:107DF00043F480535364154B5B6C03F480533B6135
:107E00003B690023FB60114B1B6B104A43F00103DD
:107E100013630E4B1B6B03F00103FB60FB68E02355
:107E20007B610223BB610023FB6103233B620523CB
:107E30007B6207F1140319460548FBF771FE00BF8A
:107E40002837BD4680BD00BF0030014000380240E9
:107E50000000024080B586B000AF07F108030022A1
:107E60001A605A609A60DA603B4600221A605A60D3
:107E70001E4B1F4A1A601D4B53225A601B4B002297
:107E80009A601A4B40F69F72DA60184B00221A6112
:107E9000164B00225A61154B00229A611348FDF7D8
:107EA00071FB0346002B01D0FFF736FD4FF48053E2
:107EB000BB6007F1080319460C48FDF713FD0346A4
:107EC000002B01D0FFF728FD00233B6000237B60DF
:107ED0003B4619460548FDF735FF0346002B01D008
:107EE000FFF71AFD00BF1837BD4680BD60010020B6
:107EF0000000014080B586B000AF07F10803002202
:107F00001A605A609A60DA603B4600221A605A6032
:107F10001D4B4FF080421A601B4B53225A601A4B84
:107F200000229A60184B40F2F312DA60164B0022DE
:107F30001A61154B00229A611348FDF723FB034693
:107F4000002B01D0FFF7E8FC4FF48053BB6007F132
:107F5000080319460C48FDF7C5FC0346002B01D069
:107F6000FFF7DAFC00233B6000237B603B461946A9
:107F70000548FDF7E7FE0346002B01D0FFF7CCFCD8
:107F800000BF1837BD4680BDA801002080B586B06F
:107F900000AF07F1080300221A605A609A60DA60A5
:107FA0003B4600221A605A601D4B1E4A1A601C4B49
:107FB00053225A601A4B00229A60194B40F2E73262
:107FC000DA60174B00221A61154B00229A6114489F
:107FD000FDF7D8FA0346002B01D0FFF79DFC4FF4C4
:107FE0008053BB6007F1080319460D48FDF77AFC82
:107FF0000346002B01D0FFF78FFC00233B600023DA
:108000007B603B4619460648FDF79CFE0346002B65
:1080100001D0FFF781FC00BF1837BD4680BD00BF0F
:10802000F0010020000C004080B582B000AF3B465C
:1080300000221A605A60154B154A1A60134B40F221
:1080400047325A60114B00229A60104B42F20F7275
:10805000DA600E4B00229A610C48FDF793FA034652
:10806000002B01D0FFF758FC00233B6000237B600E
:108070003B4619460548FDF765FE0346002B01D037
:10808000FFF74AFC00BF0837BD4680BD380200201C
:108090000010004080B582B000AF3B4600221A605D
:1080A0005A60154B154A1A60134B53225A60124BF3
:1080B00000229A60104B40F2E732DA600E4B002249
:1080C0009A610D48FDF75EFA0346002B01D0FFF7D9
:1080D00023FC00233B6000237B603B461946064897
:1080E000FDF730FE0346002B01D0FFF715FC00BF63
:1080F0000837BD4680BD00BF80020020001400404C
:1081000080B586B000AF07F1080300221A605A60FC
:108110009A60DA603B4600221A605A601E4B1F4A82
:108120001A601D4B53225A601B4B00229A601A4B57
:1081300040F2E142DA60184B00221A61164B00222D
:108140005A61154B00229A611348FDF71BFA03464A
:10815000002B01D0FFF7E0FB4FF48053BB6007F129
:10816000080319460C48FDF7BDFB0346002B01D060
:10817000FFF7D2FB00233B6000237B603B461946A0
:108180000548FDF7DFFD0346002B01D0FFF7C4FBD8
:1081900000BF1837BD4680BDC80200200004014062
:1081A00080B588B000AF78607B681B68584A9342FE
:1081B00016D10023FB61574B5B6C564A43F0010319
:1081C0005364544B5B6C03F00103FB61FB690022B9
:1081D00000211920FCF737FB1920FCF750FB92E037
:1081E0007B681B68B3F1804F16D10023BB61494BFC
:1081F0001B6C484A43F001031364464B1B6C03F0AD
:108200000103BB61BB69002200211C20FCF71BFBA2
:108210001C20FCF734FB76E07B681B683E4A9342E7
:1082200016D100237B613B4B1B6C3A4A43F0080399
:108230001364384B1B6C03F008037B617B690022DD
:1082400000213220FCF7FFFA3220FCF718FB5AE03D
:108250007B681B68314A934216D100233B612D4B4A
:108260001B6C2C4A43F0100313642A4B1B6C03F065
:1082700010033B613B69002200213620FCF7E3FA42
:108280003620FCF7FCFA3EE07B681B68244A9342E8
:1082900016D10023FB601F4B1B6C1E4A43F02003CA
:1082A00013641C4B1B6C03F02003FB60FB68002273
:1082B00000213720FCF7C7FA3720FCF7E0FA22E06C
:1082C0007B681B68174A93421DD10023BB60114B8A
:1082D0005B6C104A43F0020353640E4B5B6C03F07B
:1082E0000203BB60BB68002200212B20FCF7ABFA25
:1082F0002B20FCF7C4FA002200212C20FCF7A3FA63
:108300002C20FCF7BCFA00BF2037BD4680BD00BF63
:108310000000014000380240000C00400010004006
:10832000001400400004014080B500AF114B124A18
:108330001A60104B4FF4E1325A600E4B00229A60E3
:108340000C4B0022DA600B4B00221A61094B0C2205
:108350005A61084B00229A61064B0022DA610548F7
:10836000FDF780FD0346002B01D0FFF7D5FA00BFD3
:1083700080BD00BF100300200050004080B500AF5A
:10838000114B124A1A60104B4FF461225A600E4B87
:1083900000229A600C4B0022DA600B4B00221A611B
:1083A000094B0C225A61084B00229A61064B0022AD
:1083B000DA610548FDF756FD0346002B01D0FFF7B3
:1083C000ABFA00BF80BD00BF580300200010014081
:1083D00080B500AF114B124A1A60104B4FF4E122E6
:1083E0005A600E4B00229A600C4B0022DA600B4B55
:1083F00000221A61094B0C225A61084B00229A6133
:10840000064B0022DA610548FDF72CFD0346002BE0
:1084100001D0FFF781FA00BF80BD00BFA00300209C
:108420000044004080B500AF114B124A1A60104B57
:108430004FF461225A600E4B00229A600C4B0022CE
:10844000DA600B4B00221A61094B0C225A61084B6F
:1084500000229A61064B0022DA610548FDF702FD11
:108460000346002B01D0FFF757FA00BF80BD00BFC5
:10847000E80300200048004080B500AF114B124ACD
:108480001A60104B114A5A600E4B4FF480529A609A
:108490000C4B0022DA600B4B4FF480621A61094BDF
:1084A0000C225A61074B00229A61064B0022DA61C6
:1084B0000448FDF7D7FC0346002B01D0FFF72CFA48
:1084C00000BF80BD3004002000140140A0860100E0
:1084D00080B592B000AF786007F1340300221A60D3
:1084E0005A609A60DA601A617B681B688E4A934210
:1084F00040F0B08000233B638C4B1B6C8B4A43F4F1
:1085000080131364894B1B6C03F480133B633B6B38
:108510000023FB62854B1B6B844A43F00403136307
:10852000824B1B6B03F00403FB62FB6A0023BB62FC
:108530007E4B1B6B7D4A43F0080313637B4B1B6B25
:1085400003F00803BB62BB6A4FF480537B630223D2
:10855000BB630023FB6303233B6408237B6407F1B5
:10856000340319467248FBF7DBFA04237B630223CA
:10857000BB630023FB6303233B6408237B6407F195
:10858000340319466B48FBF7CBFA6B4B6B4A1A6006
:10859000694B4FF000625A60674B00229A60664B4D
:1085A0000022DA60644B4FF480621A61624B002251
:1085B0005A61614B00229A615F4B0022DA615E4B87
:1085C00000221A625C4B00225A625B48FBF75EFC99
:1085D0000346002B01D0FFF79FF97B68564ADA6308
:1085E000554A7B689363564B564A1A60544B4FF07A
:1085F00000625A60524B40229A60514B0022DA606E
:108600004F4B4FF480621A614D4B00225A614C4B24
:1086100000229A614A4B0022DA61494B00221A6219
:10862000474B00225A624648FBF730FC0346002BBA
:1086300001D0FFF771F97B68414A9A63404A7B6831
:108640009363002200213520FCF7FDF83520FCF76C
:1086500016F934E27B681B683B4A93427CD10023C5
:108660007B62324B5B6C314A43F0100353642F4BF7
:108670005B6C03F010037B627B6A00233B622B4B35
:108680001B6B2A4A43F001031363284B1B6B03F057
:1086900001033B623B6A4FF4C0637B630223BB630D
:1086A0000123FB6303233B6407237B6407F134034B
:1086B00019462648FBF734FA254B264A1A60244B04
:1086C0004FF000625A60224B00229A60204B002239
:1086D000DA601F4B4FF480621A611D4B00225A6111
:1086E0001B4B00229A611A4B0022DA61184B4FF49F
:1086F00040321A62164B00225A621548FBF7C6FB3D
:108700000346002B01D0FFF707F97B68104ADA63B4
:108710000F4A7B689363002200212520FCF793F821
:108720002520FCF7ACF8CAE10050004000380240B8
:1087300000080240000C0240780400201060024053
:10874000D8040020B8600240001001400000024040
:1087500038050020406402407B681B68974A9342BA
:1087600040F093800023FB61954B1B6C944A43F4CB
:1087700000331364924B1B6C03F40033FB61FB6901
:108780000023BB618E4B1B6B8D4A43F001031363C7
:108790008B4B1B6B03F00103BB61BB690C237B6339
:1087A0000223BB630123FB6303233B6407237B6436
:1087B00007F1340319468348FBF7B2F9824B834A29
:1087C0001A60814B4FF000625A607F4B00229A6022
:1087D0007D4B0022DA607C4B4FF480621A617A4B49
:1087E00000225A61784B00229A61774B0022DA61AD
:1087F000754B4FF440321A62734B00225A62724832
:10880000FBF744FB0346002B01D0FFF785F87B689C
:108810006D4ADA636C4A7B6893636D4B6D4A1A60EC
:108820006B4B4FF000625A60694B40229A60684B74
:108830000022DA60664B4FF480621A61644B0022BA
:108840005A61634B00229A61614B0022DA61604BEE
:108850004FF440321A625E4B00225A625C48FBF7CA
:1088600015FB0346002B01D0FFF756F87B68584AEA
:108870009A63574A7B689363002200212620FBF706
:10888000E2FF2620FBF7FBFF19E17B681B68524AD9
:10889000934240F0AD8000237B61494B1B6C484AFA
:1088A00043F480231364464B1B6C03F480237B61E9
:1088B0007B6900233B61424B1B6B414A43F002033F
:1088C00013633F4B1B6B03F002033B613B694FF4A7
:1088D00040637B630223BB630123FB6303233B648D
:1088E00007237B6407F1340319463C48FBF718F96A
:1088F0003B4B3C4A1A603A4B4FF000625A60384B8F
:1089000000229A60364B0022DA60354B4FF48062C9
:108910001A61334B00225A61314B00229A61304B6D
:108920000022DA612E4B00221A622D4B00225A627D
:108930002B48FBF7ABFA0346002B01D0FEF7ECFF08
:108940007B68274ADA63264A7B689363264B274A6B
:108950001A60254B4FF000625A60234B40229A6008
:10896000214B0022DA60204B4FF480621A611E4BCB
:1089700000225A611C4B00229A611B4B0022DA61D3
:10898000194B00221A62184B00225A621648FBF754
:108990007DFA0346002B01D0FEF7BEFF7B68124A2A
:1089A0009A63114A7B689363002200212720FBF71A
:1089B0004AFF2720FBF763FF81E000BF004400402F
:1089C0000038024000000240980500208860024004
:1089D000F8050020A060024000480040000402406A
:1089E0005806002028600240B80600205860024067
:1089F0007B681B68344A934261D10023FB60334B90
:108A00005B6C324A43F020035364304B5B6C03F0E1
:108A10002003FB60FB680023BB602C4B1B6B2B4AC5
:108A200043F004031363294B1B6B03F00403BB6087
:108A3000BB68C0237B630223BB630123FB63032367
:108A40003B6408237B6407F1340319462048FBF795
:108A500067F8204B204A1A601E4B4FF020625A6084
:108A60001C4B00229A601B4B0022DA60194B4FF41A
:108A700080621A61174B00225A61164B00229A61DC
:108A8000144B0022DA61134B00221A62114B0022B0
:108A90005A621048FBF7FAF90346002B01D0FEF7A3
:108AA0003BFF7B680B4ADA630A4A7B6893630022C8
:108AB00000214720FBF7C7FE4720FBF7E0FE00BF81
:108AC0004837BD4680BD00BF001401400038024059
:108AD00000080240180700202864024080B483B0D8
:108AE00000AF78607B68074A1A607B68064A5A6064
:108AF0007B68064A9A607B6818460C37BD465DF86D
:108B0000047B70470000FA436F12833ADA0F494042
:108B100080B400AFFEE780B400AFFEE780B400AFE2
:108B2000FEE780B400AFFEE780B400AFFEE780B49C
:108B300000AF00BFBD465DF8047B704780B400AF56
:108B400000BFBD465DF8047B704780B400AF00BF36
:108B5000BD465DF8047B704780B500AFFBF7FCFEB7
:108B600000BF80BD80B500AF0248FBF727FB00BF08
:108B700080BD00BF7804002080B500AF0248FBF73D
:108B80001DFB00BF80BD00BF5806002080B500AFB0
:108B90000248FBF713FB00BF80BD00BFB8060020F2
:108BA00080B500AF0248FBF709FB00BF80BD00BFE6
:108BB0009805002080B500AF0248FBF7FFFA00BF20
:108BC00080BD00BFF805002080B500AF0248FAF76D
:108BD0002AF900BF80BD00BFB400002080B500AFFF
:108BE0000248FCF78FFD00BF80BD00BF6001002080
:108BF00080B500AF0248FCF785FD00BF80BD00BF17
:108C0000A801002080B500AF07F06EFD0248FDF717
:108C100039FC00BF80BD00BF5803002080B500AF05
:108C200007F0FEFD0248FDF72DFC00BF80BD00BF30
:108C3000A003002080B500AF0248FDF723FC00BF71
:108C400080BD00BFE803002080B500AF0248FCF7FC
:108C500059FD00BF80BD00BFC802002080B500AF35
:108C60000248FCF74FFD00BF80BD00BFC8020020D6
:108C700080B500AF0248FBF7A1FA00BF80BD00BF7E
:108C8000D804002080B500AF0248FCF73BFD00BFD0
:108C900080BD00BFF001002080B500AF0248FDF7A5
:108CA000F1FB00BF80BD00BF1003002080B500AF06
:108CB0000248FCF727FD00BF80BD00BF380200203E
:108CC00080B500AF0248FCF71DFD00BF80BD00BFAE
:108CD0008002002080B500AF0248FBF76FFA00BFAA
:108CE00080BD00BF1807002080B500AF0248FBF729
:108CF00065FA00BF80BD00BF3805002080B500AF19
:108D00000248FAF790F800BF80BD00BFDC000020E9
:108D100080B500AF034800F06DFD0348FDF7B2FBDE
:108D200000BF80BD281900203004002080B582B02B
:108D300000AF786039607B68012B07D13B684FF644
:108D4000FF72934202D10348FFF7C8FE00BF083705
:108D5000BD4680BD7807002080B500AF4FF6FF719B
:108D60000120FFF7E3FF80BD80B483B000AF002394
:108D70007B60104B5B6C0F4A43F4804353640D4B94
:108D80005B6C03F480437B607B6800233B60094B92
:108D90001B6C084A43F080531364064B1B6C03F0B2
:108DA00080533B603B6800BF0C37BD465DF8047BD9
:108DB000704700BF0038024080B586B000AF7860D1
:108DC000144A154BD31A7B617B693B61134B1B68BB
:108DD000002B02D1114B124A1A60104B1A687B68A3
:108DE00013443A699A4207D2F8F736FB03460C223D
:108DF0001A604FF0FF3309E0084B1B68FB60074B1C
:108E00001A687B681344054A1360FB6818461837D4
:108E1000BD4680BD00000220001000008807002031
:108E2000881B002080B400AF01231846BD465DF8C2
:108E3000047B704780B582B000AF78603960F8F786
:108E40000BFB034616221A604FF0FF331846083713
:108E5000BD4680BD80B582B000AF78604FF0FF3175
:108E60007868FFF7E7FFFEE7DFF834D0F9F75EFB3D
:108E70000C480D490D4A002302E0D458C450043375
:108E8000C4188C42F9D30A4A0A4C002301E013604B
:108E90000432A242FBD3F8F7E5FA07F031FF70473E
:108EA000000002200000002084000020741201084D
:108EB00084000020881B0020FEE780B483B000AF50
:108EC00087ED010A97ED017AD7ED017AB4EE677A62
:108ED000F1EE10FA6CBF01230023DBB2002B14BFAC
:108EE00001230023DBB218460C37BD465DF8047B36
:108EF000704780B487B000AFF860B9607A603B60BB
:108F000000237B617A693B689A420ED27A687B695A
:108F10001344BA681A44F9687B690B441278D2B2D8
:108F20001A707B6901337B61ECE700BF1C37BD46DB
:108F30005DF8047B704780B584B000AFF860B9601D
:108F40007A6078680423BA68F968FFF7D2FF00BF37
:108F50001037BD4680BD000080B584B000AFF8601A
:108F6000B9607A607A68B968F868FFF7E4FF7B68EF
:108F7000D3ED007A9FED137AF4EEC77AF1EE10FA92
:108F800013DC7B68D3ED007A9FED0F7AF4EEC77A9D
:108F9000F1EE10FA09D47B68D3ED007AB0EE670ADF
:108FA000FFF78BFF0346002B01D0012300E00023D5
:108FB000002B03D07B684FF000021A6000BF10370F
:108FC000BD4680BD0000B4430000B4C380B584B08A
:108FD00000AFF860B9607A6087ED000A7A68B96816
:108FE000F868FFF7A8FF7B68D3ED007A9FED137A4E
:108FF000F4EEC77AF1EE10FA13DC7B68D3ED007A59
:109000009FED0F7AF4EEC77AF1EE10FA09D47B687F
:10901000D3ED007AB0EE670AFFF74FFF0346002B4F
:1090200001D0012300E00023002B02D07B683A68C6
:109030001A6000BF1037BD4680BD00BF0000B443BA
:109040000000B4C380B483B000AF78607B68074A87
:109050001A607B68064A5A607B68064A9A607B6899
:1090600018460C37BD465DF8047B70470000FA4394
:109070006F12833ADA0F494080B485B000AF786050
:1090800039604FF6FF73FB813B685A1E3A60002B34
:1090900014BF01230023DBB2002B13D07B685A1CC2
:1090A0007A601B787B73FB89DAB27B7B53403B731E
:1090B000FB891B0A9AB23B7B064931F813305340B7
:1090C000FB81E1E7FB8918461437BD465DF8047B58
:1090D000704700BFA80F010880B500AF074B1B68A1
:1090E000DA68064B1B6842F01002DA6080220449FD
:1090F0000248FDF70FF800BF80BD00BFA0030020AD
:109100000C08002080B582B000AF5A4B1B78012BB1
:1091100003D1594B02221A700BE0564B1B78022BDD
:1091200003D1554B03221A7003E0544B1A78524B6B
:109130001A70534B5A221A70514B53225A704E4B8D
:109140001A784F4B9A704F4B9B7DDAB24C4BDA70CA
:109150004C4BDB7DDAB24A4B1A714A4B1B78DAB2C0
:10916000474B5A71474B5B78DAB2454B9A71454B86
:109170009B78DAB2424BDA71424BDB78DAB2404B81
:109180001A72404B1B79DAB23D4B5A723D4B5B79F8
:10919000DAB23B4B9A723B4B9B79DAB2384BDA72BC
:1091A000384BDB79DAB2364B1A73364B1B7ADAB2AC
:1091B000334B5A73334B5B7ADAB2314B9A73314B80
:1091C0009B7ADAB22E4BDA732E4BDB7ADAB22C4B67
:1091D0001A742C4B1B7BDAB2294B5A74294B5B7BDC
:1091E000DAB2274B9A74274B9B7BDAB2244BDA74A2
:1091F000244BDB7BDAB2224B1A75224B1B7CDAB292
:109200001F4B5A751F4B5B7CDAB21D4B9A751D4B79
:109210009B7CDAB21A4BDA751A4BDB7CDAB2184B4C
:109220001A7619237B607B68192B08DC144A7B684B
:10923000134400221A707B6801337B60F3E71B2123
:109240000F48FFF719FF03461A460E4B9A820D4B43
:109250001B7DDAB20A4BDA760A4B5B7DDAB2084B39
:109260001A771D2206490848FCF7D8FE00BF0837C8
:10927000BD4680BD321B0020F4080020081B0020E2
:109280008C070020AC080020A003002080B582B02D
:1092900000AF78607B681B78662B30D17B681C330D
:1092A0001B78112B2BD17B685A78174B1A70174BF0
:1092B000D3ED7A7AB0EE670A154A02217868FFF793
:1092C00085FE144A06217868FFF746FE124A0A21F5
:1092D0007868FFF741FE0D4BD3ED797AB0EE670A5F
:1092E0000E4A0E217868FFF771FE0D4A1221786848
:1092F000FFF732FE0B4A16217868FFF72DFE00BFFC
:109300000837BD4680BD00BFC408002010160020ED
:10931000C8080020CC080020D0080020D408002075
:10932000D8080020DC08002080B582B000AF78604B
:1093300039607B68012B07D13B684FF6FF7293427F
:1093400002D10348FFF77EFE00BF0837BD4680BD4F
:10935000E408002080B500AF4FF6FF710120FFF751
:10936000E3FF80BD80B483B000AF87ED010AD7ED85
:10937000017AF0EEE77AB0EE670A0C37BD465DF889
:10938000047B704780B582B000AF87ED010A97ED8E
:10939000010AF6F741FFF0EE407AB0EE670A0837AF
:1093A000BD4680BD80B582B000AF87ED010AC7ED34
:1093B000000AD7ED000A97ED010AF6F761FFF0EE1B
:1093C000407AB0EE670A0837BD4680BD80B483B0EE
:1093D00000AF78607B680022A3F8122100BF0C3731
:1093E000BD465DF8047B704780B483B000AF786001
:1093F0007B680022A3F8142100BF0C37BD465DF83E
:10940000047B704780B483B000AF78607B68074A04
:109410001A607B68064A5A607B68064A9A607B68D5
:1094200018460C37BD465DF8047B70470000FA43D0
:109430006F12833ADA0F494080B584B000AFF8600C
:10944000B9601346FB80FB8800221946B868FAF71A
:1094500003FD00BF1037BD4680BD80B584B000AFAE
:10946000F860B9601346FB80FB8801221946B86892
:10947000FAF7F2FC00BF1037BD4680BD80B58CB056
:1094800000AF78600B467B8013463B8007F10803F2
:10949000282200211846F8F7B3F87B68002283F8E9
:1094A00050207B6808225A617B88FB6100233B6265
:1094B00001237B620023BB600023FB6000233B6130
:1094C00000237B617B6893F84830002B02D1002396
:1094D000BB6101E00123BB610123BB623B88FB62EE
:1094E0007B681B6807F1080211461846F9F72CF94A
:1094F0000346002B14BF01230023DBB2002B01D055
:10950000FEF70AFA7B681B681846F9F7FBF9034671
:10951000002B14BF01230023DBB2002B01D0FEF788
:10952000FBF97B6893F84830002B10D17B681B68EF
:1095300002211846F9F751FC0346002B14BF012302
:109540000023DBB2002B12D0FEF7E6F90FE07B68B8
:109550001B6810211846F9F740FC0346002B14BF86
:1095600001230023DBB2002B01D0FEF7D5F900BFA9
:109570003037BD4680BD80B584B000AFF8600B4683
:109580007A607B817A89FB685A60FB681B681846A1
:10959000F9F7CCFA0346DAB2FB6883F85020FB688F
:1095A0001868FB68191DFB684C337A68F9F7EEF907
:1095B000034618461037BD4680BD80B586B000AF63
:1095C000F860084611461A4603467B810B463B81EC
:1095D0001346FB80B7F908301B121BB2DBB23B7499
:1095E0003B89DBB27B74B7F906301B121BB2DBB2CE
:1095F000BB74FB88DBB2FB74B7F920301B121BB2C3
:10960000DBB23B753B8CDBB27B75B7F924301B12A8
:109610001BB2DBB2BB75BB8CDBB2FB7507F1100272
:109620007B891946F868FFF7A6FF034618461837E6
:10963000BD4680BD80B582B000AF786039607B6880
:1096400093F84830002B0BD17B6818687B6803F1D6
:109650001C027B6838330021F9F79DFA03460BE0C2
:109660007B6818687B6803F11C027B683833012132
:10967000F9F791FA034600BF18460837BD4680BD8A
:1096800080B582B000AF78607B68B3F812310133E7
:109690009AB27B68A3F812217B68B3F81231052BCC
:1096A0000DD9786800F094F97868FFF78FFE7B6831
:1096B0001B681846FCF7D2FD786800F025F800BF5B
:1096C0000837BD4680BD80B582B000AF78607B684A
:1096D000B3F8143101339AB27B68A3F814217B6884
:1096E000B3F81431052B0AD97868FFF77DFE7B6843
:1096F0005B681846FCF7B2FD786800F041F800BFDF
:109700000837BD4680BD000080B582B000AF7860EC
:10971000786800F05DF97B681B685B68144A9342C7
:109720000FD014491448F8F7F3F903469AB24FF6EC
:10973000FF7311491148FCF7E5FB0A20FBF72CF9F0
:10974000E9E77B681B681B68DA687B681B681B6835
:1097500042F01002DA607B6818687B6808331922CF
:109760001946FCF7D7FC00BF0837BD4680BD00BFD7
:10977000A0860100200E010808090020E80300204F
:1097800080B582B000AF7860786800F08DF97B68B2
:109790005B685B68B3F5612F0FD013491348F8F786
:1097A000B7F903469AB24FF6FF7310491048FCF719
:1097B000A9FB0A20FBF7F0F8E9E77B685B681B6808
:1097C000DA687B685B681B6842F01002DA607B68CD
:1097D00058687B6803F58B7315221946FCF79AFCD1
:1097E00000BF0837BD4680BD200E010808090020D3
:1097F000E803002080B584B000AF78607B681B6808
:109800001B681B6803F01003102B0CBF01230023FF
:10981000DBB2002B14BF01230023DBB2002B37D0B7
:109820000023BB607B681B681B681B68BB607B6890
:109830001B681B685B68BB60BB687B681B681B6838
:109840001B68FB607B681B681B685B68FB607B6850
:109850001B681846FCF783FC786800F070F8034634
:10986000002B0CBF01230023DBB2002B08D078684B
:1098700000F0AFF97868FFF7A9FD786800F064FCA4
:109880007B6818687B68083319221946FCF742FC8C
:1098900000BF1037BD4680BD80B584B000AF786092
:1098A0007B685B681B681B6803F01003102B0CBF00
:1098B00001230023DBB2002B14BF01230023DBB202
:1098C000002B38D00023BB607B685B681B681B687B
:1098D000BB607B685B681B685B68BB60BB687B6860
:1098E0005B681B681B68FB607B685B681B685B6868
:1098F000FB607B685B681846FCF731FC786800F019
:1099000043F80346002B0CBF01230023DBB2002BDE
:1099100008D0786800F023FA7868FFF765FD78686A
:1099200000F012FC7B6858687B6803F58B73152286
:109930001946FCF7EFFB00BF1037BD4680BD80B570
:1099400082B000AF78607B68B3F93430002B11D15E
:109950007B689B7E002B0DD17B68DB7E002B09D1C1
:109960007B6893F88930012B04D87B6893F88830A2
:10997000012B04D9786800F02BF8012300E00023C4
:1099800018460837BD4680BD80B582B000AF78600C
:109990007B6893F81631A92B06D17B6893F81731B1
:1099A000532B01D100230FE07B6893F81631A52BD0
:1099B00004D17B6893F817310C2B04D0786800F041
:1099C00073F8012300E0012318460837BD4680BD27
:1099D00080B584B000AF78607B680022A3F88E2049
:1099E0007B680022A3F890207B680022A3F89220D5
:1099F0007B680022A3F894207B68012283F89820DA
:109A00007B68012283F899207B68002283F8F42088
:109A10007B68002283F8F5207B680022A3F89C2055
:109A20007B680022A3F89E207B680022A3F8A02078
:109A30007B680022A3F896207B680022A3F8F82018
:109A40000123FB60FB68192B1FDCFB68013B7A6874
:109A5000134400221A72FB68062B12D1FB68013BEB
:109A60007A6813441B7A5BB203F00F035BB243F0D6
:109A700050035AB2FB68013BD1B27A6813440A46DC
:109A80001A72FB680133FB60DCE77B6893F80131F5
:109A900003F03003DBB2002B02D1786800F054FBF6
:109AA00000BF1037BD4680BD80B485B000AF786080
:109AB0007A68B2F8FC306FF30A03A2F8FC307A68D7
:109AC000D2F8FC306FF3D523C2F8FC307B68B3F8D2
:109AD000FE2002F03F02A3F8FE2093F8002122F0BE
:109AE000010283F800217A68B2F800316FF34B036A
:109AF000A2F800317A6892F801316FF3051382F809
:109B000001317A6892F801316FF3861382F80131DE
:109B10007A6892F801316FF3C71382F801317A68DD
:109B200092F802316FF3000382F802317A68B2F8DA
:109B300002316FF34B03A2F802317A6892F80331D5
:109B40006FF3041382F803317B680022A3F8042129
:109B50007B680022A3F806217B680022A3F8082175
:109B60007A6892F80A316FF3010382F80A317A6851
:109B700092F80A316FF3830382F80A317A6892F817
:109B80000A316FF3051382F80A317B68002283F8EB
:109B90000B21002283F80C217B68002283F80D2121
:109BA000002283F80E210123FB60FB68192B0ADCDD
:109BB000FB68013B7A681344002283F81621FB6896
:109BC0000133FB60F1E700BF1437BD465DF8047B4D
:109BD000704780B483B000AF78607B681B7A1AB29C
:109BE0007B685B7A1B021BB213431BB29BB2C3F3AD
:109BF0000A039BB2A3F580639BB21AB27B68A3F8F9
:109C00008E207B685B7ADB08DBB21AB27B689B7ABA
:109C10005B011BB213431BB29BB2C3F30A039BB29B
:109C2000A3F580639BB21AB27B68A3F890207B688F
:109C30009B7A9B09DBB21AB27B68DB7A9B001BB272
:109C400013431AB27B681B7B9B021BB213431BB2EC
:109C50009BB2C3F30A039BB2A3F580639BB21AB213
:109C60007B68A3F892207B681B7B5B08DBB21AB28F
:109C70007B685B7BDB011BB213431BB29BB2C3F35C
:109C80000A039BB2A3F580639BB21AB27B68A3F868
:109C900094207B685B7B9B09DAB27B6883F8982011
:109CA0007B685B7B1B09DBB203F00303DAB27B68E2
:109CB00083F899207B689B7B1AB27B68DB7B1B0255
:109CC0001BB213431AB27B68A3F89C207B681B7CF1
:109CD0001AB27B685B7C1B021BB213431AB27B680F
:109CE000A3F89E207B689B7C1AB27B68DB7C1B02FE
:109CF0001BB213431AB27B68A3F8A0207B681A7DBD
:109D00007B6883F8F4207B685A7D7B6883F8F520B4
:109D10007B689B7D1AB27B68DB7D1B021BB2134301
:109D20001BB29AB27B68A3F8F8207B681B7E1AB23C
:109D30007B685B7E1B021BB213431BB29BB2C3F357
:109D40000A039BB2A3F580639BB21AB27B68A3F8A7
:109D5000962000BF0C37BD465DF8047B704790B479
:109D600082B000AF78607B6893F818311AB27B68D4
:109D700093F819311B021BB213431BB25B011BB2D8
:109D80005B1119B27A68B2F8FC3061F30A03A2F8E9
:109D9000FC307B6893F81931DB08DBB21AB27B68C0
:109DA00093F81A315B011BB213431BB25B011BB268
:109DB0005B1119B27A68D2F8FC3061F3D523C2F88E
:109DC000FC307B6893F81A319B09DBB21AB27B68CE
:109DD00093F81B319B001BB213431AB27B6893F8B4
:109DE0001C319B021BB213431BB25B011BB25B1104
:109DF00019B27B688AB2C2F309029401B3F8FE205B
:109E000002F03F02104622460243A3F8FE208AB227
:109E1000920A92B202F0010202F0010093F80021CE
:109E200022F00102114602460A4383F800217B68B2
:109E300093F81C315B08DBB21AB27B6893F81D31D2
:109E4000DB011BB213431BB25B011BB25B1119B2E6
:109E50007A68B2F8003161F34B03A2F800317B68F5
:109E600093F81D311B09DBB203F00303D9B27A6802
:109E700092F8013161F3051382F801317B6893F8A0
:109E80001D319B09DBB203F00103D9B27A6892F865
:109E9000013161F3861382F801317B6893F81D313B
:109EA000DB09DBB203F00103D9B27A6892F8013121
:109EB00061F3C71382F801317B6893F81E3103F018
:109EC0000103D9B27A6892F8023161F3000382F893
:109ED00002317B6893F81E315B08DBB21AB27B68F3
:109EE00093F81F31DB011BB213431BB2C3F30A0308
:109EF00099B27A68B2F8023161F34B03A2F80231E9
:109F00007B6893F81F311B09DBB203F00103D9B260
:109F10007A6892F8033161F3041382F803317B68A5
:109F200093F820311AB27B6893F821311B021BB2DF
:109F300013431AB27B68A3F804217B6893F822319B
:109F40001AB27B6893F823311B021BB213431AB277
:109F50007B68A3F806217B6893F824311AB27B68EA
:109F600093F825311B021BB213431AB27B68A3F886
:109F700008217B6893F8263103F00303D9B27A688D
:109F800092F80A3161F3010382F80A317B6893F891
:109F900026319B08DBB203F00303D9B27A6892F84A
:109FA0000A3161F3830382F80A317B6893F8263122
:109FB0001B09DBB203F00303D9B27A6892F80A31C5
:109FC00061F3051382F80A317B6893F827311AB2DE
:109FD0007B6893F828311B021BB213431BB29AB261
:109FE0007B68A3F80B217B6893F829311AB27B6850
:109FF00093F82A311B021BB213431BB29AB27B683F
:10A00000A3F80D217B68B3F8FC3043F30A031BB2BD
:10A010009BB2A3F580639BB25B011BB25B1119B2CB
:10A020007A68B2F8FC3061F30A03A2F8FC307B686E
:10A03000D3F8FC3043F3CA231BB29BB2A3F5806371
:10A040009BB25B011BB25B1119B27A68D2F8FC308B
:10A0500061F3D523C2F8FC307B68B3F8FE20920987
:10A0600092B293F8003103F001039B0213435B05A6
:10A070005B151BB29BB2A3F580639BB25B011BB265
:10A080005B1119B27B688AB2C2F309029401B3F87A
:10A09000FE2002F03F02104622460243A3F8FE20B3
:10A0A0008AB2920A92B202F0010202F0010093F821
:10A0B000002122F00102114602460A4383F80021E2
:10A0C0007B68B3F8003143F34A031BB29BB2A3F59C
:10A0D00080639BB25B011BB25B1119B27A68B2F864
:10A0E000003161F34B03A2F800317B68B3F8023111
:10A0F000C3F34A039BB2A3F580639BB2C3F30A0385
:10A1000099B27A68B2F8023161F34B03A2F80231D6
:10A1100000BF0837BD4690BC704780B483B000AF25
:10A1200078600B467B807B68B3F88C207B8813407B
:10A130009BB2002B01D0012300E0002318460C370E
:10A14000BD465DF8047B704780B483B000AF786093
:10A150007B6893F8013103F03003DBB2002B5ED053
:10A160007B68B3F8FC3043F30A031BB21A467B68E2
:10A170005A847B68D3F8FC3043F3CA231BB21A46D7
:10A180007B689A847B68B3F8FE20920992B293F8B8
:10A19000003103F001039B0213435B055B151BB207
:10A1A0001A467B68DA847B68B3F8003143F34A03CC
:10A1B0001BB21A467B681A857B68B3F80B319AB2DA
:10A1C0007B68A3F88C207B68022283F82C207B68B4
:10A1D000022283F82D207B68B3F904217B681A865C
:10A1E0007B68B3F906217B685A867B68B3F908213E
:10A1F0007B689A867B6893F80A31C3F30103DBB26C
:10A200001A467B6883F888207B6893F80A31C3F389
:10A210008103DBB21A467B6883F8892045E07B68BE
:10A22000B3F98E207B685A847B68B3F990207B68F1
:10A230009A847B68B3F992207B68DA847B68B3F9EF
:10A2400094207B681A857B6893F898207B6883F854
:10A250002C207B6893F899207B6883F82D207B68FD
:10A26000B3F99C207B681A867B68B3F99E207B68D3
:10A270005A867B68B3F9A0207B689A867B6893F83E
:10A28000F4207B6883F888207B6893F8F5207B684E
:10A2900083F889207B68B3F8F8207B68A3F88C20CA
:10A2A0007B68B3F996207B685A8500BF0C37BD46A2
:10A2B0005DF8047B704780B586B000AFF860B96088
:10A2C00011461A460B46FB8013467B717B7903F0DF
:10A2D0007F03DBB23B75FB881A46B968F868FFF765
:10A2E000ABF8FB68186807F1140140F2E73301226C
:10A2F000FAF7FFFBFB68186840F2E733012207F129
:10A300002001FAF7F6FBFB881A46B968F868FFF7F0
:10A31000A4F800BF1837BD4680BD80B586B000AF39
:10A32000F860B96011461A460B46FB8013467B71F4
:10A330007B7963F07F03DBB23B75FB881A46B96813
:10A34000F868FFF779F8FB68186807F1140140F224
:10A35000E7330122FAF7CDFBFB68186897F8203045
:10A360009AB240F2E733796AFAF707FDFB881A469A
:10A37000B968F868FFF771F800BF1837BD4680BDAF
:10A3800080B584B002AF78600B46FB701346BB709B
:10A390007B6899687B681A8AF878BB7800930346D3
:10A3A0007868FFF788FF00BF0837BD4680BD80B5DD
:10A3B00084B002AF78600B46FB701346BB707B68BD
:10A3C000D9687B685A8AF878BB7800930346786826
:10A3D000FFF771FF00BF0837BD4680BD90B599B04B
:10A3E00002AFF8607B600B46FB721346BB72FB68E2
:10A3F0009968FB68188ABB7A0133DBB2FC7A07F1F3
:10A4000014020192009323460246F868FFF785FF85
:10A41000002387F8573097F85720BB7A9A4211D219
:10A4200097F857305A1C97F8573079680B445832D0
:10A430003A4412F8442C1A7097F85730013387F8D1
:10A440005730E8E700BF5C37BD4690BD80B586B0A9
:10A4500002AFF8607B600B46FB721346BB72FB6871
:10A46000D968FB685A8AF87A7B680193BB7A0093B3
:10A470000346F868FFF751FF00BF1037BD4680BDA7
:10A4800080B582B000AF78607B681C33C0220021A9
:10A490001846F7F7B5F800BF0837BD4680BD000085
:10A4A00080B487B000AF87ED010AD7ED017AB6EE30
:10A4B000007A67EE877AC7ED057A7B683B6107F122
:10A4C00010031B68FB60FB685A10124B9B1AFB6061
:10A4D00007F10C031B683B6197ED047AD7ED057A11
:10A4E00027EE277AD7ED047A67EE277AB7EE087A57
:10A4F00037EE677AD7ED047A67EE277AC7ED047AEC
:10A500003B6907EE903AB0EE670A1C37BD465DF82E
:10A51000047B7047DF59375F80B58CB000AF78603F
:10A52000012387F82F30002387F82E30B6227E21B2
:10A530007868FFF725FF0120FAF72EFA07F10C03E0
:10A54000012200217868FFF749FF0520FAF724FA75
:10A5500007F10C03012200217868FFF73FFF3B7BE6
:10A560001E2B01D00223DFE000227C217868FFF758
:10A5700007FF0520FAF710FA04227D217868FFF71B
:10A58000FFFE0A20FAF708FA0A2240217868FFF74E
:10A59000F7FE7B6893F82D321A4641217868FFF761
:10A5A000EFFE0220FAF7F8F9B62214217868FFF7D7
:10A5B000FEFE1E20FAF7F0F907F10C03012200213C
:10A5C0007868FFF743FF3B7B0F2B01D00323ABE001
:10A5D000022210217868FFF7EAFE7B6893F82C329C
:10A5E0001A460F217868FFF7E2FE01223C217868C5
:10A5F000FFF7DDFE97F82F30002B20D007F10C037A
:10A6000001223C217868FFF721FF3B7B03F0020326
:10A61000002B02D0002387F82F3097F82E3001331B
:10A6200087F82E3097F82E30272B04D97868FFF75B
:10A6300027FF052378E00A20FAF7AEF9DAE70120D0
:10A64000FAF7AAF907F10C0301223C217868FFF719
:10A65000FDFE3B7B03F00403002B01D0052363E0E8
:10A660007B6893F82D32002B04D17B68304AC3F805
:10A6700034221CE07B6893F82D32012B04D17B68D7
:10A680002C4AC3F8342212E07B6893F82D32022B57
:10A6900004D17B68284AC3F8342208E07B6893F829
:10A6A0002D32032B03D17B68244AC3F834227B6804
:10A6B00093F82C32002B04D17B68214AC3F8302256
:10A6C00026E07B6893F82C32012B04D17B681D4A6D
:10A6D000C3F830221CE07B6893F82C32022B04D1A3
:10A6E0007B68194AC3F8302212E07B6893F82C3259
:10A6F000032B04D17B68154AC3F8302208E07B683D
:10A7000093F82C32042B03D17B68114AC3F8302212
:10A710007868FFF7B5FE7B685B681846FAF782FF3A
:10A72000786801F06BF9002318463037BD4680BDCC
:10A73000E7416B3A3333EB3A33336B3B3333EB3B29
:10A740006F1283416F1203426F1283426F120343F1
:10A750006F12834380B58CB000AF78600023FB8517
:10A7600007F10C03062212217868FFF737FE7B7B86
:10A770001B021AB23B7B1BB213431BB207EE903A8B
:10A78000F8EEE77A7B68C3ED077AFB7B1B021AB20F
:10A79000BB7B1BB213431BB207EE903AF8EEE77A8D
:10A7A0007B68C3ED087A7B7C1B021AB23B7C1BB230
:10A7B00013431BB207EE903AF8EEE77A7B68C3EDDD
:10A7C000097A07F10C03062202217868FFF73EFEA2
:10A7D0007B7B1B021AB23B7B1BB213431BB207EEFF
:10A7E000903AF8EEE77A7B68C3ED137AFB7B1B02A5
:10A7F0001AB2BB7B1BB213431BB207EE903AF8EEC2
:10A80000E77A7B68C3ED147A7B7C1B021AB23B7C2F
:10A810001BB213431BB207EE903AF8EEE77A7B685F
:10A82000C3ED157A00BF3037BD4680BDB0B582B0EC
:10A8300000AF7860234B1B78002B45D07B6893EDED
:10A84000077A7B68D3ED457A77EE677A7B68C3ED4C
:10A85000487A7B6893ED087A7B68D3ED467A77EE89
:10A86000677A7B68C3ED497A7B6893ED097A7B68E8
:10A87000D3ED477A77EE677A7B68C3ED4A7A7B68D7
:10A8800093ED137A7B68D3ED5D7A77EE677A7B6818
:10A89000C3ED607A7B6893ED147A7B68D3ED5E7AC2
:10A8A00077EE677A7B68C3ED617A7B6893ED157A02
:10A8B0007B68D3ED5F7A77EE677A7B68C3ED627A67
:10A8C00020E000BF980900207B68DA697B68C3F844
:10A8D00020217B681A6A7B68C3F824217B685A6A46
:10A8E0007B68C3F828217B68DA6C7B68C3F8802119
:10A8F0007B681A6D7B68C3F884217B685A6D7B681E
:10A90000C3F888217B68B3F8503140F6B7329342E0
:10A9100000F2B2817B68B3F85031002B6BD17B68B9
:10A920004FF00002DA617B684FF000021A627B6828
:10A930004FF000025A627B684FF00002DA647B68D5
:10A940004FF000021A657B684FF000025A657B6881
:10A950004FF00002C3F844217B684FF00002C3F8B7
:10A9600048217B684FF00002C3F84C217B684FF010
:10A970000002C3F8B0217B684FF00002C3F8B42195
:10A980007B684FF00002C3F8B8217B684FF0474264
:10A99000C3F8FC207B684FF04742C3F800217B6876
:10A9A0004FF04742C3F804217B68B14AC3F808213D
:10A9B0007B68AF4AC3F80C217B68AD4AC3F810210D
:10A9C0007B684FF04742C3F85C217B684FF04742F9
:10A9D000C3F860217B684FF04742C3F864217B686D
:10A9E000A34AC3F868217B68A14AC3F86C217B683D
:10A9F0009F4AC3F870217B6893ED077A7B68D3ED9B
:10AA00003F7AB4EEE77AF1EE10FA04DD7B68DA699A
:10AA10007B68C3F8FC207B6893ED087A7B68D3EDF4
:10AA2000407AB4EEE77AF1EE10FA04DD7B681A6A38
:10AA30007B68C3F800217B6893ED097A7B68D3EDCE
:10AA4000417AB4EEE77AF1EE10FA04DD7B685A6AD7
:10AA50007B68C3F804217B6893ED077A7B68D3EDAC
:10AA6000427AB4EEE77AF1EE10FA04D57B68DA693F
:10AA70007B68C3F808217B6893ED087A7B68D3ED87
:10AA8000437AB4EEE77AF1EE10FA04D57B681A6ADD
:10AA90007B68C3F80C217B6893ED097A7B68D3ED62
:10AAA000447AB4EEE77AF1EE10FA04D57B685A6A7C
:10AAB0007B68C3F810217B6893ED137A7B68D3ED34
:10AAC000577AB4EEE77AF1EE10FA04DD7B68DA6CBF
:10AAD0007B68C3F85C217B6893ED147A7B68D3EDC7
:10AAE000587AB4EEE77AF1EE10FA04DD7B681A6D5D
:10AAF0007B68C3F860217B6893ED157A7B68D3EDA2
:10AB0000597AB4EEE77AF1EE10FA04DD7B685A6DFB
:10AB10007B68C3F864217B6893ED137A7B68D3ED7F
:10AB20005A7AB4EEE77AF1EE10FA04D57B68DA6C63
:10AB30007B68C3F868217B6893ED147A7B68D3ED5A
:10AB40005B7AB4EEE77AF1EE10FA04D57B681A6D01
:10AB50007B68C3F86C217B6893ED157A7B68D3ED35
:10AB60005C7AB4EEE77AF1EE10FA04D57B685A6DA0
:10AB70007B68C3F870217B6893ED517A7B68D3EDD5
:10AB8000077A77EE277A7B68C3ED517A7B6893ED7D
:10AB9000527A7B68D3ED087A77EE277A7B68C3ED2B
:10ABA000527A7B6893ED537A7B68D3ED097A77EE1E
:10ABB000277A7B68C3ED537A7B6893ED6C7A7B6868
:10ABC000D3ED137A77EE277A7B68C3ED6C7A7B68D6
:10ABD00093ED6D7A7B68D3ED147A77EE277A7B68F4
:10ABE000C3ED6D7A7B6893ED6E7A7B68D3ED157A51
:10ABF00077EE277A7B68C3ED6E7A7B68B3F85031C5
:10AC000001339AB27B68A3F850217B6893ED577AA1
:10AC10007B68D3ED5A7A77EE677A9FED167AF4EE79
:10AC2000C77AF1EE10FA1DDC7B6893ED587A7B68E9
:10AC3000D3ED5B7A77EE677A9FED0E7AF4EEC77A02
:10AC4000F1EE10FA0EDC7B6893ED597A7B68D3ED58
:10AC50005C7A77EE677A9FED077AF4EEC77AF1EEC9
:10AC600010FA66DD7B680022A3F8502161E000BF86
:10AC700000FEFF4600009642884B01221A707B6856
:10AC8000D3ED516A7B68B3F8503107EE903AB8EED5
:10AC9000E77AC6EE877A7B68C3ED457A7B68D3EDA9
:10ACA000526A7B68B3F8503107EE903AB8EEE77A13
:10ACB000C6EE877A7B68C3ED467A7B68D3ED536A2C
:10ACC0007B68B3F8503107EE903AB8EEE77AC6EEFB
:10ACD000877A7B68C3ED477A7B68D3ED6C6A7B68C3
:10ACE000B3F8503107EE903AB8EEE77AC6EE877ABD
:10ACF0007B68C3ED5D7A7B68D3ED6D6A7B68B3F8E2
:10AD0000503107EE903AB8EEE77AC6EE877A7B6864
:10AD1000C3ED5E7A7B68D3ED6E6A7B68B3F8503121
:10AD200007EE903AB8EEE77AC6EE877A7B68C3ED15
:10AD30005F7A7B68DB691846F5F7C2FE04460D466C
:10AD4000574BD3E900014FF000024FF00003F5F735
:10AD50000FFF02460B4620462946F5F753FD0246F3
:10AD60000B46104619464FF000024E4BF6F72AF8F4
:10AD700002460B4610461946F6F794F902467B68E0
:10AD8000C3F8DC207B681B6A1846F5F799FE044679
:10AD90000D46434BD3E902014FF000024FF0000390
:10ADA000F5F7E6FE02460B4620462946F5F72AFD52
:10ADB00002460B46104619464FF00002394BF6F793
:10ADC00001F802460B4610461946F6F76BF90246A3
:10ADD0007B68C3F8E0207B685B6A1846F5F770FE75
:10ADE00004460D462E4BD3E904014FF000024FF00C
:10ADF0000003F5F7BDFE02460B4620462946F5F74F
:10AE000001FD02460B46104619464FF00002254B45
:10AE1000F5F7D8FF02460B4610461946F6F742F9F9
:10AE200002467B68C3F8E4207B68D3ED607A9FED2F
:10AE30001E7A67EE877ADFED1D6A87EEA67ADFED70
:10AE40001C6AC7EE267A7B68C3ED3A7A7B68D3ED3D
:10AE5000617A9FED157A67EE877ADFED146A87EEE7
:10AE6000A67ADFED136AC7EE267A7B68C3ED3B7ADC
:10AE70007B68D3ED627A9FED0C7A67EE877ADFED1F
:10AE80000B6A87EEA67ADFED0A6AC7EE267A7B6840
:10AE9000C3ED3C7A00BF0837BD46B0BD980900201D
:10AEA000A00900200000A040DB0F4940000034430F
:10AEB0003333834180B59EB000AFF86187ED060A59
:10AEC000C7ED050A87ED041AC7ED031A87ED022ABC
:10AED000C7ED012AF14B7B67FB69D3F81C323B6756
:10AEE000FB69D3F82032FB66FB69D3F82432BB66DA
:10AEF000FB69D3F828327B66D7ED1C7A67EEA77A18
:10AF0000C7ED187A97ED1C7AD7ED1B7A67EE277A92
:10AF1000C7ED177A97ED1C7AD7ED1A7A67EE277A84
:10AF2000C7ED167A97ED1C7AD7ED197A67EE277A76
:10AF3000C7ED157AD7ED1B7A67EEA77AC7ED147ABD
:10AF400097ED1B7AD7ED1A7A67EE277AC7ED137A59
:10AF500097ED1B7AD7ED197A67EE277AC7ED127A4B
:10AF6000D7ED1A7A67EEA77AC7ED117A97ED1A7ABC
:10AF7000D7ED197A67EE277AC7ED107AD7ED197AEF
:10AF800067EEA77AC7ED0F7AD7ED037A27EEA77A97
:10AF9000D7ED027A67EEA77A37EE277AD7ED017AF6
:10AFA00067EEA77A77EE277AB0EE670AFFF778FAAE
:10AFB00087ED0E0A97ED037AD7ED0E7A67EE277AC2
:10AFC000C7ED037A97ED027AD7ED0E7A67EE277A0E
:10AFD000C7ED027A97ED017AD7ED0E7A67EE277A00
:10AFE000C7ED017A97ED127AD7ED167A77EE677A88
:10AFF00077EEA77AC7ED0D7A97ED177AD7ED107A2D
:10B0000077EE277A77EEA77AC7ED0C7A97ED187A64
:10B01000D7ED147A37EE677AD7ED117A77EE677A43
:10B0200097ED0F7A77EE277AC7ED0B7A97ED027AD4
:10B03000D7ED0B7A27EE277AD7ED016AD7ED0C7A98
:10B0400066EEA77A77EE677AC7ED0A7A97ED017A0E
:10B05000D7ED0D7A27EE277AD7ED036AD7ED0B7A75
:10B0600066EEA77A77EE677AC7ED097A97ED037AED
:10B07000D7ED0C7A27EE277AD7ED026AD7ED0D7A55
:10B0800066EEA77A77EE677AC7ED087AD7ED0A7A87
:10B090009FED837A27EE877A824BD3ED007A77EEA5
:10B0A000277A804BC3ED007AD7ED097A9FED7C7A41
:10B0B00027EE877A7C4BD3ED007A77EE277A7A4BAE
:10B0C000C3ED007AD7ED087A9FED757A27EE877A7F
:10B0D000764BD3ED007A77EE277A744BC3ED007A86
:10B0E000734B93ED007AD7ED0A7A27EE277AD7EDE6
:10B0F000067A37EE277A6F4BD3ED006A694BD3EDB2
:10B10000007A66EEA77A77EE277AC7ED067A684B63
:10B1100093ED007AD7ED097A27EE277AD7ED057AF5
:10B1200037EE277A634BD3ED006A5F4BD3ED007A9D
:10B1300066EEA77A77EE277AC7ED057A5C4B93ED3A
:10B14000007AD7ED087A27EE277AD7ED047A37EE22
:10B15000277A584BD3ED006A544BD3ED007A66EE54
:10B16000A77A77EE277AC7ED047AD7ED1B7AB1EE8E
:10B17000677AD7ED067A27EE277AD7ED1A6AD7EDE8
:10B18000057A66EEA77A37EE677AD7ED196AD7EDBA
:10B19000047A66EEA77A37EE677AD7ED1D7A67EE06
:10B1A000277A97ED1C7A77EE277AC7ED1C7A97ED10
:10B1B0001C7AD7ED067A27EE277AD7ED1A6AD7EDF3
:10B1C000047A66EEA77A37EE277AD7ED196AD7EDBB
:10B1D000057A66EEA77A37EE677AD7ED1D7A67EEC5
:10B1E000277A97ED1B7A77EE277AC7ED1B7A97EDD2
:10B1F0001C7AD7ED057A27EE277AD7ED1B6AD7EDB3
:10B20000047A66EEA77A37EE677AD7ED196AD7ED3A
:10B21000067A66EEA77A37EE277AD7ED1D7A67EEC3
:10B22000277A97ED1A7A77EE277AC7ED1A7A97ED93
:10B230001C7AD7ED047A27EE277AD7ED1B6AD7ED73
:10B24000057A66EEA77A37EE277AD7ED1A6AD7ED38
:10B25000067A66EEA77A37EE677AD7ED1D7A67EE43
:10B26000277A97ED197A77EE277AC7ED197AD7ED15
:10B270001C7A27EEA77AD7ED1B7A67EEA77A37EE0E
:10B28000277AD7ED1A7A67EEA77A37EE277AD7EDC5
:10B29000197A67EEA77A77EE277A0DE06F12033AF4
:10B2A0006F12833A880900208C0900209009002041
:10B2B0007400002094090020B0EE670AFFF7F0F850
:10B2C00087ED0E0A97ED1C7AD7ED0E7A67EE277A96
:10B2D000FB69C3ED877A97ED1B7AD7ED0E7A67EE9F
:10B2E000277AFB69C3ED887A97ED1A7AD7ED0E7A43
:10B2F00067EE277AFB69C3ED897A97ED197AD7ED66
:10B300000E7A67EE277AFB69C3ED8A7A00BF783739
:10B31000BD4680BD80B582B000AF78607868FFF729
:10B3200085FA7B68D3ED3A7A7B6893ED3B7A7B684C
:10B33000D3ED3C6A7B6893ED376A7B68D3ED385A6E
:10B340007B6893ED395AF0EE452AB0EE652AF0EEAF
:10B35000461AB0EE661AF0EE470AB0EE670A786851
:10B36000FFF7A8FD7B68D3F81C227B68C3F8042292
:10B370007B68D3F820227B68C3F808227B68D3F867
:10B3800024227B68C3F80C227B68D3F828227B68D0
:10B39000C3F810227B68D3ED827AB8EE007A27EEEC
:10B3A000877A7B68D3ED847A27EE277A7B68D3EDA2
:10B3B000817A77EEA76A7B68D3ED837A66EEA77A07
:10B3C00077EE277AB0EE670AFDF7DCFFF0EE407A01
:10B3D0009FED557A27EE877ADFED546AC7EE267A1D
:10B3E0007B68C3ED6F7A7B68D3ED837A37EEA77AFB
:10B3F0007B68D3ED847A27EE277A7B68D3ED817A58
:10B4000077EEA76A7B68D3ED827A66EEA77A37EE8D
:10B41000276A7B68D3ED827AB8EE007A27EE877AC6
:10B420007B68D3ED827A27EE277A7B68D3ED837A27
:10B4300077EEA76A7B68D3ED837A66EEA77A77EE1C
:10B44000677AB7EE007A77EE877AF0EE670AB0EEA9
:10B45000460AFDF7A7FFF0EE407A9FED337A27EE1C
:10B46000877ADFED326AC7EE267A7B68C3ED707AA1
:10B470007B68D3ED827A37EEA77A7B68D3ED837A47
:10B4800027EE277A7B68D3ED817A77EEA76A7B680F
:10B49000D3ED847A66EEA77A37EE276A7B68D3ED20
:10B4A000837AB8EE007A27EE877A7B68D3ED837AC9
:10B4B00027EE277A7B68D3ED847A77EEA76A7B68DC
:10B4C000D3ED847A66EEA77A77EE677AB7EE007AE4
:10B4D00077EE877AF0EE670AB0EE460AFDF762FF74
:10B4E000F0EE407A9FED107A27EE877ADFED0F6A53
:10B4F000C7EE267A7B68C3ED717A7B68D3F8BC21EE
:10B500007B68C3F8D4217B68D3F8C4217B68C3F877
:10B51000DC217B68D3F8C0217B68C3F8D82100BF49
:10B520000837BD4680BD00BF00003443DB0F4940F3
:10B5300080B483B000AF78607B6893ED777A7B68E6
:10B54000D3ED747A77EE677A9FED667AF4EEC77A78
:10B55000F1EE10FA09DD7B68B3F914309BB2013BC0
:10B560009BB21AB27B689A8217E07B6893ED777A78
:10B570007B68D3ED747A77EE677A9FED5B7AF4EEB1
:10B58000C77AF1EE10FA08D57B68B3F914309BB294
:10B5900001339BB21AB27B689A827B68B3F914308C
:10B5A0001A464FF4B47302FB03F307EE903AB8EE79
:10B5B000E77A7B68D3ED777A77EE277A7B68C3EDFD
:10B5C0007A7A7B6893ED757A7B68D3ED727A77EE41
:10B5D000677A9FED447AF4EEC77AF1EE10FA09DD4E
:10B5E0007B68B3F916309BB2013B9BB21AB27B6801
:10B5F000DA8217E07B6893ED757A7B68D3ED727A17
:10B6000077EE677A9FED387AF4EEC77AF1EE10FAAA
:10B6100008D57B68B3F916309BB201339BB21AB2DE
:10B620007B68DA827B68B3F916301A464FF4B4733C
:10B6300002FB03F307EE903AB8EEE77A7B68D3EDAE
:10B64000757A77EE277A7B68C3ED787A7B6893ED1D
:10B65000767A7B68D3ED737A77EE677A9FED217AFD
:10B66000F4EEC77AF1EE10FA09DD7B68B3F9183011
:10B670009BB2013B9BB21AB27B681A8317E07B68CE
:10B6800093ED767A7B68D3ED737A77EE677A9FEDE8
:10B69000167AF4EEC77AF1EE10FA08D57B68B3F9A2
:10B6A00018309BB201339BB21AB27B681A837B6855
:10B6B000B3F918301A464FF4B47302FB03F307EEE4
:10B6C000903AB8EEE77A7B68D3ED767A77EE277A10
:10B6D0007B68C3ED797A00BF0C37BD465DF8047B0B
:10B6E000704700BF00003443000034C380B52DED27
:10B6F000028B82B000AF78607B6893ED6F7A7B68D5
:10B70000D3ED727A37EE677ADFEDA86AC7EE267A54
:10B710007B68C3ED7B7A7B6893ED717A7B68D3EDB0
:10B72000747A37EE677ADFEDA16AC7EE267A7B6816
:10B73000C3ED7D7A7B6893ED707A7B68D3ED737A85
:10B7400037EE677ADFED996AC7EE267A7B68C3ED3C
:10B750007C7A7B6893ED7B7A7B68D3ED947A77EE85
:10B76000677AB0EE670AFDF7FDFDF0EE407AB1EEC4
:10B770000C7AF4EEC77AF1EE10FA0BDD7B68D3EDAC
:10B78000987AB0EE007AF4EEC77AF1EE10FA01D5AD
:10B79000012300E00023002B0AD07B68D3ED987AC8
:10B7A000B7EE007A77EE877A7B68C3ED987A32E05D
:10B7B0007B68D3ED7B7AB0EE670AFDF7D3FDB0EE80
:10B7C000408A7B68D3ED907AB0EE670AFDF7CAFD38
:10B7D000F0EE407AB4EEE78AF1EE10FA4CBF0123A6
:10B7E0000023DBB2002B05D07B684FF00002C3F8CA
:10B7F000F82105E07B68D3F8EC217B68C3F8F821D9
:10B800007B68D3F8EC217B68C3F850227B684FF04B
:10B810000002C3F860227B6893ED7D7A7B68D3EDEC
:10B82000957A77EE677AB0EE670AFDF79BFDF0EE4A
:10B83000407AB1EE0C7AF4EEC77AF1EE10FA0BDD35
:10B840007B68D3ED997AB0EE007AF4EEC77AF1EE28
:10B8500010FA01D5012300E00023002B0AD07B68F9
:10B86000D3ED997AB7EE007A77EE877A7B68C3EDED
:10B87000997A32E07B68D3ED7D7AB0EE670AFDF706
:10B8800071FDB0EE408A7B68D3ED907AB0EE670A26
:10B89000FDF768FDF0EE407AB4EEE78AF1EE10FABB
:10B8A0004CBF01230023DBB2002B05D07B684FF097
:10B8B0000002C3F8002205E07B68D3F8F4217B681E
:10B8C000C3F800227B68D3F8F4217B68C3F85422C4
:10B8D0007B684FF00002C3F864227B6893ED7C7AAA
:10B8E0007B68D3ED967A77EE677AB0EE670AFDF75C
:10B8F00039FDF0EE407AB1EE0C7AF4EEC77AF1EE53
:10B9000010FA0BDD7B68D3ED9A7AB0EE007AF4EE94
:10B91000C77AF1EE10FA01D5012300E00023002BD5
:10B920000AD07B68D3ED9A7AB7EE007A77EE877A01
:10B930007B68C3ED9A7A32E07B68D3ED7C7AB0EE17
:10B94000670AFDF70FFDB0EE408A7B68D3ED907A71
:10B95000B0EE670AFDF706FDF0EE407AB4EEE78A36
:10B96000F1EE10FA4CBF01230023DBB2002B05D00F
:10B970007B684FF00002C3F8FC2105E07B68D3F838
:10B98000F0217B68C3F8FC217B68D3F8F0217B6849
:10B99000C3F858227B684FF00002C3F8682200BF4A
:10B9A0000837BD46BDEC028B80BD00BF6F12833AE5
:10B9B00080B582B000AF78607B68D3F8BC217B682B
:10B9C000C3F8C8217B68D3F8C4217B68C3F8D021B1
:10B9D0007B68D3F8C0217B68C3F8CC217868FEF778
:10B9E000B9FE7868FFF796FC7868FFF7A1FD7868E4
:10B9F000FFF77CFE00BF0837BD4680BDB0B584B000
:10BA000000AF78601F4B9B681846F5F759F802465F
:10BA10000B46F4F7F7FE02460B4614461D46194B3B
:10BA20001B681846F5F74CF802460B462046294697
:10BA3000F5F79EF802460B4614461D46114B5B680F
:10BA40001846F5F73DF802460B4620462946F5F71D
:10BA50008FF802460B4610461946F5F723FB0346BE
:10BA6000FB60D7ED037AB7EE007A37EE877AD7ED31
:10BA7000036AC6EE877A034BC3ED037A00BF103723
:10BA8000BD46B0BDF8080020B0B582B000AF786008
:10BA90007B689B681846F5F713F802460B46F4F7E7
:10BAA000B1FE02460B4614461D467B681B681846CD
:10BAB000F5F706F802460B4620462946F5F758F8F2
:10BAC00002460B4614461D467B685B681846F4F731
:10BAD000F7FF02460B4620462946F5F749F802468D
:10BAE0000B4610461946F5F7DDFA02467B681A61E7
:10BAF0007B68D3ED046A7B68D3ED047AB7EE007AF5
:10BB000037EE877AC6EE877A7B68C3ED037A00BF8B
:10BB10000837BD46B0BD000080B582B000AF786088
:10BB200039607B68012B07D13B684FF6FF72934267
:10BB300002D10348FDF766FC00BF0837BD4680BD53
:10BB4000F808002080B500AF4FF6FF710120FFF725
:10BB5000E3FF80BD80B483B000AF87ED010AD7ED6D
:10BB6000017AF0EEE77AB0EE670A0C37BD465DF871
:10BB7000047B704780B483B000AF78607B68074A6D
:10BB80001A607B68064A5A607B68064A9A607B683E
:10BB900018460C37BD465DF8047B70470000FA4339
:10BBA0006F12833ADA0F494080B584B000AFF86075
:10BBB00087ED020AC7ED010A97ED027AD7ED017A07
:10BBC00077EE677AFB68C3ED007AFB68D3ED007A05
:10BBD000B0EE670AFFF7BEFFB0EE407AFB68D3ED28
:10BBE0000A7AB4EEE77AF1EE10FA4CBF0123002393
:10BBF000DBB2002B03D0FB684FF000021A60FB6839
:10BC0000D3ED007AB0EE670AFFF7A4FFB0EE407AFA
:10BC1000FB68D3ED0B7AB4EEE77AF1EE10FA4CBF85
:10BC200001230023DBB2002B33D0FB6893ED087AAD
:10BC3000FB68D3ED007A77EE277AFB68C3ED087ACC
:10BC4000FB6893ED087AFB68D3ED057AF1EE677A2D
:10BC5000B4EEE77AF1EE10FA05D5FB68D3ED057A7C
:10BC6000F1EE677A11E0FB6893ED087AFB68D3ED9B
:10BC7000057AB4EEE77AF1EE10FA03DDFB68D3ED56
:10BC8000057A02E0FB68D3ED087AFB68C3ED087A19
:10BC900003E0FB684FF000025A63FB6893ED017A02
:10BCA000FB68D3ED007A67EE277AFB68C3ED0C7A68
:10BCB000FB6893ED027AFB68D3ED087A67EE277A8A
:10BCC000FB68C3ED0D7AFB6893ED0C7AFB68D3ED4E
:10BCD0000D7A37EE277AFB68D3ED0E7A77EE277A66
:10BCE000FB68C3ED107AFB6893ED107AFB68D3ED27
:10BCF000077AF1EE677AB4EEE77AF1EE10FA05D53D
:10BD0000FB68D3ED077AF1EE677A11E0FB6893EDFB
:10BD1000107AFB68D3ED077AB4EEE77AF1EE10FA09
:10BD200003DDFB68D3ED077A02E0FB68D3ED107A00
:10BD3000FB68C3ED107AFB681A68FB689A6600BF5F
:10BD40001037BD4680BD000080B582B000AF78607E
:10BD500039607B68012B07D13B684FF6FF72934235
:10BD600002D10348FFF706FF00BF0837BD4680BD7C
:10BD7000B809002080B500AF4FF6FF710120FFF732
:10BD8000E3FF80BD80B582B000AF786087ED000A28
:10BD900097ED000AFFF7DEFEF0EE407AB7EE007A8C
:10BDA000F4EEC77AF1EE10FA94BF01230023DBB260
:10BDB000002B02D0D7ED007A09E097ED000A7868F1
:10BDC00000F00AF8034607EE903AF8EEE77AB0EE94
:10BDD000670A0837BD4680BD80B483B000AF786085
:10BDE00087ED000AD7ED007AF5EEC07AF1EE10FA91
:10BDF00001DD01230AE0D7ED007AF5EE407AF1EE9D
:10BE000010FA01D1002301E04FF0FF3318460C3740
:10BE1000BD465DF8047B704780B584B000AFF86024
:10BE200087ED020AC7ED010A97ED020AFFF792FEBD
:10BE3000B0EE407AD7ED017AF4EEC77AF1EE10FA5F
:10BE4000ACBF01230023DBB2002B06D0D7ED026A82
:10BE500097ED017AC6EE877A0BE0D7ED027AF5EE20
:10BE6000C07AF1EE10FA02DDF7EE007A01E0FFEEA3
:10BE7000007AB0EE670A1037BD4680BD80B582B04B
:10BE800000AF786087ED000A97ED000AFFF762FEC9
:10BE9000F0EE407AB7EE007AF4EEC77AF1EE10FADF
:10BEA00094BF01230023DBB2002B02D0D7ED007A30
:10BEB00009E097ED000A786800F00AF8034607EEFB
:10BEC000903AF8EEE77AB0EE670A0837BD4680BDD3
:10BED00080B483B000AF786087ED000AD7ED007AB8
:10BEE000F5EEC07AF1EE10FA01DD01230AE0D7ED9C
:10BEF000007AF5EE407AF1EE10FA01D1002301E06C
:10BF00004FF0FF3318460C37BD465DF8047B704791
:10BF100080B52DED048B84B000AFF86087ED020A88
:10BF2000C7ED010AFB68BA689A61FB687A68DA6152
:10BF3000FB6893ED067AFB68D3ED027A77EE677AB9
:10BF4000FB68C3ED0D7AFB6893ED027AFB68D3EDD5
:10BF5000117A37EE677AFB68D3ED0F7A77EE677A5E
:10BF6000FB68C3ED107AFB6893ED027AFB68D3EDB2
:10BF7000117A77EE677AFB68C3ED0F7AFB68D3ED31
:10BF80000D7AB0EE670AFFF7E5FDB0EE407AFB6888
:10BF9000D3ED037AB4EEE77AF1EE10FA4CBF012349
:10BFA0000023DBB2002B04D0FB684FF00002DA6202
:10BFB00071E0FB6893ED007AFB68D3ED0D7A27EE14
:10BFC000277AFB68D3ED076AFB68D3ED0F7A76EE2C
:10BFD000E77A77EE277AFB68C3ED0C7AFB6893ED7E
:10BFE000058AFB6893ED107AFB68D3ED006AFB6865
:10BFF00093ED076AFB68D3ED0F7A76EE677A66EE0B
:10C00000A77A77EE678AFB6893ED089AFB68D3ED11
:10C010000C7AB0EE670AF868FFF7B4FEF0EE407AEB
:10C0200069EE277A38EEE77AFB68D3ED016AFB68A0
:10C03000D3ED0C7A66EEA77A77EE677A68EE277A08
:10C04000FB68C3ED0B7AFB6893ED0B7AFB68D3EDCD
:10C05000047AB4EEE77AF1EE10FA03DDFB681A69B0
:10C06000FB68DA62FB6893ED0B7AFB68D3ED047A28
:10C07000F1EE677AB4EEE77AF1EE10FA07D5FB68D5
:10C08000D3ED047AF1EE677AFB68C3ED0B7AFB68B7
:10C090009A68FB685A641037BD46BDEC048B80BDBE
:10C0A00080B52DED048B88B000AF786187ED040A70
:10C0B000C7ED030A87ED021AC7ED011A87ED002AC2
:10C0C00097ED017AD7ED047A77EE677A7B69C3ED55
:10C0D0000D7A97ED007AD7ED037A77EE677A7B6970
:10C0E000C3ED127A7B69D3ED007AB0EE670AFFF7F1
:10C0F00031FDB0EE407A7B69D3ED037A67EE277AA3
:10C10000C7ED077AD7ED077AB6EE007AF4EEC77A74
:10C11000F1EE10FA02D54FF07C53FB617B69D3ED51
:10C120000D7AB0EE670AFFF715FDB0EE407A7B6935
:10C13000D3ED037AB4EEE77AF1EE10FA11D57B690C
:10C14000D3ED127AB0EE670AFFF704FDB0EE407A45
:10C15000D7ED077AF4EEC77AF1EE10FA01DD01238C
:10C1600000E00023002B04D07B694FF00002DA626C
:10C1700074E07B6993ED007A7B69D3ED0D7A27EE4D
:10C18000277A7B69D3ED127A77EE277A7B69C3ED44
:10C190000C7A7B69D3ED0A7A9FED337AF4EEC77A95
:10C1A000F1EE10FA02DD7B699B6A01E04FF07E53ED
:10C1B000BB617B6993ED058A7B6993ED007A7B69AE
:10C1C000D3ED127A67EE277A97ED027A37EE677A27
:10C1D0007B69D3ED016A7B69D3ED0C7A66EEA77AB1
:10C1E00077EE678A7B6993ED089A7B69D3ED0C7AC9
:10C1F000D7ED060AB0EE670A7869FFF70DFEF0EE9C
:10C20000407A69EE277A78EEE77A68EE277A7B69DA
:10C21000C3ED0B7A7B6993ED0B7A7B69D3ED047ADE
:10C22000B4EEE77AF1EE10FA03DD7B691A697B69F7
:10C23000DA627B6993ED0B7A7B69D3ED047AF1EED8
:10C24000677AB4EEE77AF1EE10FA07D57B69D3EDA1
:10C25000047AF1EE677A7B69C3ED0B7A2037BD462D
:10C26000BDEC048B80BD00BFBD37863580B52DED9C
:10C27000048B86B000AF786187ED040AC7ED030A2E
:10C2800087ED021AC7ED011A87ED002A97ED017AB2
:10C29000D7ED047A77EE677A7B69C3ED0E7A97ED76
:10C2A000007AD7ED037A77EE677A7B69C3ED147A6B
:10C2B0007B6993ED157A7B69D3ED0E7ADFED446AE5
:10C2C00067EEA67A77EE277A7B69C3ED157A7B69EC
:10C2D00093ED007A7B69D3ED0E7A27EE277A7B699E
:10C2E000D3ED147A37EE277A7B69D3ED026A7B6946
:10C2F000D3ED157A66EEA77A77EE277A7B69C3EDE0
:10C300000D7A7B6993ED068A7B6993ED007A7B69F0
:10C31000D3ED147A67EE277A97ED027A37EE677AD3
:10C320007B69D3ED026A7B69D3ED0E7A66EEA77A5C
:10C3300037EE677A7B69D3ED016A7B69D3ED0D7ABD
:10C3400066EEA77A77EE678A7B6993ED099A7B6937
:10C35000D3ED0D7AB0EE670A7869FFF78FFDF0EE46
:10C36000407A69EE277A78EEE77A68EE277A7B6979
:10C37000C3ED0C7A7B6993ED0C7A7B69D3ED057A7A
:10C38000F1EE677AB4EEE77AF1EE10FA05D57B6943
:10C39000D3ED057AF1EE677A11E07B6993ED0C7AC3
:10C3A0007B69D3ED057AB4EEE77AF1EE10FA03DD9E
:10C3B0007B69D3ED057A02E07B69D3ED0C7A7B696A
:10C3C000C3ED0C7A00BF1837BD46BDEC048B80BDB1
:10C3D0006F12833A80B483B000AF78607B68074AFD
:10C3E0001A607B68064A5A607B68064A9A607B68D6
:10C3F00018460C37BD465DF8047B70470000FA43D1
:10C400006F12833ADA0F494080B584B000AF78608C
:10C410000B467B80FF233B72FF237B72FF23BB72A3
:10C42000FF23FB72FF233B73FF237B73FF23BB734D
:10C43000FC23FB737B685B6807F108027988184668
:10C44000FDF799F803461A467B6883F844207B6819
:10C4500093F84430002B04D07B681B6C5A1C7B681B
:10C460001A647B6893F8443018461037BD4680BD87
:10C4700080B487B000AF87ED030AC7ED020A87EDED
:10C48000011A386097ED017AD7ED027A77EE677A74
:10C49000C7ED057ABB683B6197ED037AD7ED017A6A
:10C4A000B4EEE77AF1EE10FA02DD7B68FB600AE099
:10C4B00097ED037AD7ED027AB4EEE77AF1EE10FA4F
:10C4C00001D5BB68FB6097ED037AD7ED047A37EEB0
:10C4D000677A01223B6802FA03F3013B07EE903AC8
:10C4E000F8EEE77A67EE276A97ED057AC6EE877A67
:10C4F000FDEEE77A17EE903A18461C37BD465DF818
:10C50000047B704780B487B000AFF86087ED020A03
:10C51000C7ED010A396097ED017AD7ED027A77EE1F
:10C52000677AC7ED057ABB683B61FB6807EE903A16
:10C53000B8EEE77AD7ED057A67EE276A01223B6805
:10C5400002FA03F3013B07EE903AF8EEE77A86EE43
:10C55000A77AD7ED047A77EE277AB0EE670A1C3710
:10C56000BD465DF8047B704780B58EB000AFF861C2
:10C570000B4687ED050AC7ED040A87ED031AC7EDE0
:10C58000021A87ED012A7B83FB69D3ED127AFB69DE
:10C5900093ED137A1020B0EE471AF0EE670A97ED8C
:10C5A000050AFFF765FF0346FB86FB69D3ED147AA6
:10C5B000FB6993ED157A0C20B0EE471AF0EE670A8E
:10C5C00097ED040AFFF754FF0346BB86FB69D3EDE2
:10C5D000167AFB6993ED177A0C20B0EE471AF0EE4D
:10C5E000670A97ED030AFFF743FF03467B86FB6963
:10C5F000D3ED187AFB6993ED197A0C20B0EE471A47
:10C60000F0EE670A97ED020AFFF732FF03463B861A
:10C61000FB69D3ED1A7AFB6993ED1B7A0C20B0EE1F
:10C62000471AF0EE670A97ED010AFFF721FF03466C
:10C63000FB85FB8E1B0A9BB2DBB287F82430FB8E96
:10C64000DBB287F82530BB8E1B099BB2DBB287F8C3
:10C650002630BB8E1B015AB27B8E1B0A9BB25BB28B
:10C6600013435BB2DBB287F827307B8EDBB287F8EF
:10C6700028303B8E1B099BB2DBB287F829303B8EFA
:10C680001B015AB2FB8D1B0A9BB25BB213435BB218
:10C69000DBB287F82A30FB8DDBB287F82B30FB69E1
:10C6A0005B6807F12402798B1846FCF764FF0346A8
:10C6B0001A46FB6983F84420FB6993F84430002B49
:10C6C00004D0FB691B6C5A1CFB691A64FB6993F864
:10C6D000443018463837BD4680BD80B582B000AFC3
:10C6E00078607B685B68DB697A681288934201D066
:10C6F000012390E07B685B6893F838301BB203F04D
:10C700000F031AB27B681A817B685B6893F8383034
:10C710001B09DBB21AB27B685A817B685B6893F8AD
:10C7200039301B027A68526892F83A201A437B68C3
:10C73000DA607B685B6893F83B301B017A6852686B
:10C7400092F83C201209D2B21A437B681A617B68C6
:10C750005B6893F83C301B0203F470637A6852689C
:10C7600092F83D201A437B685A617B68DA687B68DF
:10C77000D3ED127A7B6893ED137A1021F0EE470A1D
:10C78000B0EE670A1046FFF7BDFEF0EE407A7B6818
:10C79000C3ED067A7B681A697B68D3ED147A7B68EF
:10C7A00093ED157A0C21F0EE470AB0EE670A1046B9
:10C7B000FFF7A8FEF0EE407A7B68C3ED077A7B684E
:10C7C0005A697B68D3ED1A7A7B6893ED1B7A0C214A
:10C7D000F0EE470AB0EE670A1046FFF793FEF0EE60
:10C7E000407A7B68C3ED087A7B685B6893F83E30DB
:10C7F00007EE903AF8EE677A7B68C3ED097A7B68BA
:10C800005B6893F83F3007EE903AF8EE677A7B6802
:10C81000C3ED0A7A002318460837BD4680BD0000E4
:10C8200080B582B000AF786039607B68012B07D19A
:10C830003B684FF6FF72934202D10348FFF7CAFDEF
:10C8400000BF0837BD4680BDC809002080B500AFD5
:10C850004FF6FF710120FFF7E3FF80BD80B483B086
:10C8600000AF78607B68074A1A607B68064A5A60A6
:10C870007B68064A9A607B6818460C37BD465DF8AF
:10C88000047B70470000FA436F12833ADA0F494085
:10C8900080B582B000AF78607B685B68DB697A68DE
:10C8A0001288934238D17B685B6893F838301B025A
:10C8B0001AB27B685B6893F839301BB213431AB223
:10C8C0007B681A817B685B6893F83A301B021AB266
:10C8D0007B685B6893F83B301BB213431AB27B68EA
:10C8E0005A817B685B6893F83C301B021AB27B6804
:10C8F0005B6893F83D301BB213431AB27B689A8190
:10C900007B685B6893F83E305AB27B689A737868AC
:10C9100000F008F8002300E0012318460837BD4660
:10C9200080BD000080B483B000AF78607B681B7E60
:10C93000002B08D17B6801221A767B68B3F9083096
:10C940001A467B68DA617B68B3F908301A467B685F
:10C95000DB69D31A204A93420CDA7B681B6903F522
:10C96000FF531F337A6813617B685B695A1C7B68CD
:10C970005A6116E07B68B3F908301A467B68DB69B8
:10C98000D31A41F2883293420BDD7B681B69A3F511
:10C99000FF531F3B7A6813617B685B695A1E7B6893
:10C9A0005A617B681A697B68DB69D21A7B681A61F5
:10C9B0007B681B697A68B2F908201A447B681A619F
:10C9C0007B68B3F908301A467B68DA6100BF0C3720
:10C9D000BD465DF8047B704778ECFFFF80B582B000
:10C9E00000AF786039607B68012B07D13B684FF658
:10C9F000FF72934202D10348FFF730FF00BF0837B0
:10CA0000BD4680BDD809002080B500AF4FF6FF714C
:10CA10000120FFF7E3FF80BD80B483B000AF7860F2
:10CA20007B68074A1A607B68064A5A607B68064A38
:10CA30009A607B6818460C37BD465DF8047B7047EA
:10CA40000000FA436F12833ADA0F494080B582B092
:10CA500000AF786039607B68012B07D13B684FF6E7
:10CA6000FF72934202D10348FFF7D6FF00BF083799
:10CA7000BD4680BDE809002080B500AF4FF6FF71CC
:10CA80000120FFF7E3FF80BD80B483B000AF786082
:10CA90007B68074A1A607B68064A5A607B68064AC8
:10CAA0009A607B6818460C37BD465DF8047B70477A
:10CAB0000000FA436F12833ADA0F494080B483B022
:10CAC00000AF78607B684FF000021A607B684FF01F
:10CAD00000025A607B6800229A607B680222DA605A
:10CAE0007B68104A1A617B6800225A617B684FF0AC
:10CAF00000029A617B684FF00002DA617B684FF0B8
:10CB000000021A627B684FF000025A627B684FF0A5
:10CB100000029A627B6818460C37BD465DF8047BBC
:10CB2000704700BF7DD2000880B48BB000AF786240
:10CB300087ED080AC7ED070A87ED061AC7ED051A43
:10CB400087ED042AC7ED032A87ED023AC7ED013AC3
:10CB500087ED004A7B6A3A6A5A607B6AFA699A6092
:10CB60007B6ABA69DA607B6A7A691A617B6A3A69B8
:10CB70005A617B6AFA689A617B6ABA68DA617B6A91
:10CB80007A689A627B6A3A68DA627B6A4833002282
:10CB90001A605A609A60DA607B6A583300221A6021
:10CBA0005A607B6A4FF07C521A667B6A18462C37B3
:10CBB000BD465DF8047B704780B48BB000AF7862EF
:10CBC00087ED080AC7ED070A87ED061AC7ED051AB3
:10CBD00087ED042AC7ED032A87ED023AC7ED013A33
:10CBE0007B6A3A6A1A607B6AFA695A607B6ABA6938
:10CBF0009A607B6A7A69DA607B6A3A691A617B6A51
:10CC0000FA685A617B6ABA681A627B6A7A689A62C1
:10CC10007B6A18462C37BD465DF8047B704780B4AC
:10CC200089B000AFF86187ED060AC7ED050A87ED08
:10CC3000041AC7ED031A87ED022AC7ED012A87ED12
:10CC4000003AFB69BA691A60FB697A695A60FB6944
:10CC50003A699A60FB69FA681A61FB69BA685A61B5
:10CC6000FB697A689A61FB693A685A62FB691846FF
:10CC70002437BD465DF8047B7047000080B485B062
:10CC800000AF87ED010A97ED017ADFED0E6AC7EE7E
:10CC9000267AC7ED037AD7ED037A9FED0B7A67EE1C
:10CCA000877AB1EE007A67EE877AC7ED027ABB68C1
:10CCB00007EE903AB0EE670A1437BD465DF8047B84
:10CCC000704700BFABAAAA452DB23D3F80B487B0E4
:10CCD00000AF87ED010AC7ED000A97ED017AD7EDA5
:10CCE000007A77EE677AC7ED057AD7ED057AB7EE69
:10CCF000007AF4EEC77AF1EE10FA02D84FF0000392
:10CD00008DE0B3EE0E7AD7ED007A37EE677ADFED7D
:10CD1000486AC7EE267AF5EEC07AF1EE10FA02D52F
:10CD2000DFED447A1DE0B3EE0E7AD7ED007A37EEF0
:10CD3000677ADFED3F6AC7EE267AB7EE007AF4EE47
:10CD4000C77AF1EE10FA02DDF7EE007A09E0B3EEF1
:10CD50000E7AD7ED007A37EE677ADFED356AC7EEE7
:10CD6000267AC7ED047AD7ED057AB7EE007A37EE6A
:10CD7000C77AF2EE026AC7EE267AF5EEC07AF1EED5
:10CD800010FA02D5DFED2B7A1DE0D7ED057AB7EE6C
:10CD9000007A37EEC77AF2EE026AC7EE267AB7EE6D
:10CDA000007AF4EEC77AF1EE10FA02DDF7EE007ABF
:10CDB00009E0D7ED057AB7EE007A37EEC77AF2EEE2
:10CDC000026AC7EE267AC7ED037AD7ED047A77EECA
:10CDD000A77A9FED197A77EE877AC7ED027A97EDF9
:10CDE000027AD7ED037A67EE277AC7ED027AD7ED9C
:10CDF000027AF5EEC07AF1EE10FA02D54FF0000398
:10CE00000CE0D7ED027AB0EE007AF4EEC77AF1EEDC
:10CE100010FA02DD4FF0804300E0BB6800BF07EE70
:10CE2000903AB0EE670A1C37BD465DF8047B704748
:10CE300000002842000000009A99993E90B484B006
:10CE400000AF786039603B68FB73FB7B022B06D92F
:10CE50007B680A4A1A607B6800225A6009E0FB7B03
:10CE60007968074A0C46DB00134493E8030084E822
:10CE7000030078681037BD4690BC70477DD200082B
:10CE8000A811010890B585B000AFF860B960FB68E3
:10CE9000BA68DA60FC683B46B9681846FFF7CEFF0F
:10CEA00004F110033A4692E8030083E80300FB68AC
:10CEB0001B690D4A934213D1FB685B69002B09D0B3
:10CEC000FB681B69002B0BD1FB685B6903F0010356
:10CED000002B05D1BB68022B02D0FB680222DA606E
:10CEE00000BF1437BD4690BD7DD2000880B582B02A
:10CEF00000AF78600B46FB707B681B69002B07D185
:10CF00007B685B6903F00103002B01D1012300E082
:10CF10000023002B03D002217868FFF7B3FF7B6862
:10CF20005B6903F00103002B0BD07B685B695B102E
:10CF30001A467B6813441B687A68126913441B689D
:10CF400001E07B681B697A685269521011467A6861
:10CF50000A44F97810469847F0EE407AB0EE670A36
:10CF60000837BD4680BD000080B582B000AF786054
:10CF70000B46FB70FB78002B22D0774BB3F9323095
:10CF800013F5C87F0CDB744BB3F93230B3F5C87FAF
:10CF9000A8BF4FF4C8731BB21846F3F77FFD02E039
:10CFA0004FF000006D494FF000026D4BF3F70AFFA0
:10CFB00002460B4610461946F4F774F8034611E092
:10CFC000654BB3F928301846F3F768FD5CA3D3E945
:10CFD0000023F3F7F7FE02460B4610461946F4F716
:10CFE00061F803467A6853627B6893ED017A7B6847
:10CFF000D3ED097A77EE677A7B68C3ED017A594BF6
:10D000009B691846F3F75CFD4FA3D3E90023F4F7BF
:10D0100021F80346002B0BD07B68D3ED097AF5EE9F
:10D02000C07AF1EE10FA03DD7B689A6A7B685A6079
:10D030004C4B9B691846F3F743FD45A3D3E9002306
:10D04000F4F726F80346002B0BD07B68D3ED097A62
:10D05000F5EEC07AF1EE10FA03D57B689A6A7B6828
:10D060005A607B685A687B689A627B68D3ED017A64
:10D070009FED3D7AF4EEC77AF1EE10FA01D53B4B05
:10D080000DE07B68D3ED017A9FED397AF4EEC77A33
:10D09000F1EE10FA01DD374B01E07B685B687A68DE
:10D0A00053607B685B68344A93607B68D3ED017A98
:10D0B0007B6893ED097A314BD3ED796A2F4B93ED71
:10D0C0007F6AB0EE462AF0EE661A9FED2D1AF0EE5A
:10D0D000470AB0EE670A2B48FFF7C8F8294BD3ED93
:10D0E0000C7AB0EE670AFFF7C9FDF0EE407A7B6874
:10D0F000C3ED007A7B68D3ED007AB9EE0C7AF4EEDA
:10D10000C77AF1EE10FA01D51F4B0DE07B68D3ED25
:10D11000007AB1EE0C7AF4EEC77AF1EE10FA01DD86
:10D120001A4B01E07B681B687A6813607B681B6898
:10D1300007EE903AB0EE670A0837BD4680BD00BFE3
:10D140000000000000C8A9401EA7E868EE5AE6BF2C
:10D15000F38E53147C7E783F28190020000079C09C
:10D16000000089403015002000001AC200001AC2D9
:10D170009A99993F9A99993FC80B00201016002060
:10D1800000000000600C00200000E0C00000E04053
:10D1900080B582B000AF78600B46FB707B68D3ED42
:10D1A000017A304B93ED007A2F4BD3ED006A2F4B71
:10D1B00093ED796A2D4BD3ED7F5AB0EE652AF0EEF0
:10D1C000461AB0EE661AF0EE470AB0EE670A284833
:10D1D000FFF74CF8264BD3ED0C7AB0EE670AFFF759
:10D1E0004DFDF0EE407A7B68C3ED007A7B68D3EDAD
:10D1F000017A1E4B93ED797AF0EE470AB0EE670A9A
:10D20000FFF764FDB0EE407A7B68D3ED007A77EEED
:10D21000277A7B68C3ED007A7B68D3ED007AB9EE9C
:10D220000C7AF4EEC77AF1EE10FA01D5114B0DE04D
:10D230007B68D3ED007AB1EE0C7AF4EEC77AF1EEAA
:10D2400010FA01DD0C4B01E07B681B687A68136003
:10D250007B681B6807EE903AB0EE670A0837BD4658
:10D2600080BD00BF281B00202C1B002010160020B2
:10D27000B80C00200000E0C00000E04080B483B0A3
:10D2800000AF78600B46FB70094BD3F8E4217B6854
:10D290005A607B684FF000021A607B681B6807EEDB
:10D2A000903AB0EE670A0C37BD465DF8047B7047D4
:10D2B0001016002080B584B000AF78600B46FB707C
:10D2C0001C4B1B78012B03D17B6801229A600AE07A
:10D2D000184B1B78022B03D17B6802229A6002E074
:10D2E0007B6800229A600223FB607B689B68012BAD
:10D2F00002D0022B03D005E00023FB6005E00123F0
:10D30000FB6002E00223FB6000BF7B68DB68FA6819
:10D310009A4203D0F9687868FFF7B4FDFB781946A4
:10D320007868FFF7E3FDF0EE407AB0EE670A103759
:10D33000BD4680BDE21A002080B483B000AF7860A3
:10D3400087ED000A054A3B689360054A3B68936095
:10D3500000BF0C37BD465DF8047B7047C80B00204A
:10D36000140C002080B582B000AF786039607B6813
:10D37000012B40F0A8803B684FF6FF72934240F0CB
:10D38000A2805348FFF780FB9FED524ADFED513AF0
:10D39000B1EE043ADFED4F2A9FED4E2AF1EE041A6A
:10D3A0009FED4C1ADFED4B0A9FED4B0A4B48FFF700
:10D3B000BBFB9FED484ADFED473A9FED493AF2EE5D
:10D3C000042A9FED442ADFED471AB2EE041ADFED7E
:10D3D000410AB3EE040A4448FFF7A6FB9FED3D4A1D
:10D3E000F0EE083AB1EE083ADFED3A2AB0EE082A3C
:10D3F000F1EE041A9FED371ADFED3C0A9FED3C0A6F
:10D400003C48FFF791FB9FED334AF1EE003A9FED68
:10D41000343AF3EE0E2A9FED382ADFED311AB3EEDF
:10D42000041AF7EE000AB3EE040A3448FFF77CFB57
:10D43000F7EE003AB7EE003ADFED312A9FED312AE0
:10D44000DFED311A9FED231ADFED300A9FED300A30
:10D450003048FFF7B1FBF7EE003AB7EE003AF7EECF
:10D46000002A9FED2D2ADFED211A9FED1A1ADFED1C
:10D470002B0A9FED2B0A2B48FFF79EFBB7EE003AD5
:10D48000DFED292A9FED292ADFED291AB7EE001AD0
:10D49000DFED1F0A9FED270A2748FFF7C0FBB7EE15
:10D4A000003ADFED212A9FED212ADFED211AB3EEAC
:10D4B000091ADFED220A9FED220A2248FFF7AFFB8F
:10D4C0002148FFF7FBFA00BF0837BD4680BD00BF0B
:10D4D000F809002000000000BC74933C080A0020FA
:10D4E0000000C8430000AF43780A0020CDCCCC3DFB
:10D4F000CDCCCC3CE80A00200000C842580B0020EC
:10D500006666663F00606A466F12833A00008C428E
:10D5100000003442C80B002000007A46000002439D
:10D5200000007042140C0020CDCC4C3F00409C46C3
:10D530000AD7233C00000C42600C002000005C4233
:10D5400000002042B80C0020100D002080B500AF74
:10D550004FF6FF710120FFF705FF80BD80B483B057
:10D5600000AF78607B68002BB8BF5B4218460C3771
:10D57000BD465DF8047B704780B483B000AF78602F
:10D580007B68074A1A607B68064A5A607B68064ACD
:10D590009A607B6818460C37BD465DF8047B70477F
:10D5A0000000FA436F12833ADA0F494080B483B027
:10D5B00000AF78600B46FB707B68FA781A707B6866
:10D5C00018460C37BD465DF8047B704780B483B0C5
:10D5D00000AF78600B46FB70FB78002B0AD07B68AD
:10D5E0001B7803F00103002B04D17B6801221A7021
:10D5F000022316E0FB78002B12D17B681B7803F026
:10D600000103002B0CD07B681B7823F00103002B57
:10D6100014BF01230023DAB27B681A70012300E0F3
:10D62000002318460C37BD465DF8047B70470000A8
:10D6300080B483B000AF78607B684FF000021A605E
:10D640007B684FF000025A607B6800221A727B6888
:10D650000022DA607B684FF000021A617B684FF0AD
:10D6600000025A617B6800221A767B6800225A7693
:10D670007B68064ADA617B684FF000021A627B68B9
:10D6800018460C37BD465DF8047B70470060B8C58E
:10D6900080B483B000AF78607B68144A1A607B68FE
:10D6A000134A5A607B68134A9A607B680022DA60EA
:10D6B0007B6801221A747B684FF000025A617B6814
:10D6C0004FF000029A617B684FF00002DA617B68DC
:10D6D0004FF000021A627B684FF000025A627B68CA
:10D6E00018460C37BD465DF8047B7047000060416A
:10D6F000000066430000484380B582B000AF786008
:10D700007B6800221A707B6800225A707B680022B6
:10D710009A707B684FF000025A607B6800221A7290
:10D720007B6800225A727B6800229A727B680C33F5
:10D730001846FFF7ADFF7B68002283F834207B6832
:10D74000002283F835207B68002283F83620796830
:10D750004FF000024FF00003C1E90E2379684FF04B
:10D7600000024FF00003C1E910237B6800229A6495
:10D770007B68002283F84C207B68002283F84D20D0
:10D780007B6800221A6579684FF000024FF00003B1
:10D79000C1E9162379684FF000024FF00003C1E998
:10D7A00018237B684FF000029A667B68002283F89A
:10D7B0006C207B68002283F86D207B68002283F850
:10D7C0006E207B68002283F86F207B68002283F83C
:10D7D00070207B6800225A677B6800229A677B680A
:10D7E000054ADA677B680022C3F880207B68184608
:10D7F0000837BD4680BD00BF15DD000880B487B086
:10D8000000AF87ED030AC7ED020A87ED011A97ED15
:10D81000027AD7ED037A77EE677AC7ED057A97ED4E
:10D82000057AD7ED017AB4EEE77AF1EE10FA06DD6B
:10D8300097ED037AD7ED017A77EE277A13E0D7EDEB
:10D84000017AF1EE677A97ED057AB4EEE77AF1EEB8
:10D8500010FA06D597ED037AD7ED017A77EE677A5D
:10D8600001E0D7ED027AB0EE670A1C37BD465DF8DD
:10D87000047B704790B583B000AF78600B46FB70B7
:10D88000FB78052B18D12E4B1B68012283F84C2006
:10D890002B4B1B6801225A672A4BB3F92430B3F58E
:10D8A000167F04DD284B1B6801221A7644E0264BC4
:10D8B0001B6800221A763FE0FB78062B0DD1204B27
:10D8C0001B68022283F84C201D4B1B6802225A67FA
:10D8D0001D4B1B6801221A762EE0FB78002B1ED10F
:10D8E000174B1B68002283F84C20154B1B68002245
:10D8F0005A67154B1B6800221A76144B1B69104A95
:10D9000014681846F3F7CAF802460B46C4E9162312
:10D910000B4B1968D4E91623C1E918230CE0084B16
:10D920001B68002283F84C20054B1B6800225A67B5
:10D93000054B1B6800221A7600BF0C37BD4690BD10
:10D9400008100020281900200410002010150020C5
:10D9500090B58DB000AF78600B46FB709648FEF72F
:10D9600097FF0346002B0CBF01230023DBB2002BE3
:10D970000ED0924B1B681A7A904B1B6842F0010242
:10D98000D2B21A728E4B1B8801339AB28C4B1A801A
:10D990008C48FEF77DFF0346002B0CBF01230023BC
:10D9A000DBB2002B0ED0854B1B681A7A834B1B68A9
:10D9B00042F00202D2B21A72834B1B8801339AB230
:10D9C000814B1A807D4B1B681B7A03F00303032BEA
:10D9D00040F0EB80794B1B681B7E002B0AD0774B05
:10D9E0001B6893ED077A754B1B68D3ED087A77EEC9
:10D9F000277A01E0DFED757AC7ED0A7AF6F7C0FF06
:10DA000078620023FB626D4B1B68DB68002B0AD039
:10DA10006A4B1B68DB687A6AD31AFB62FB6A142BB9
:10DA200001D91423FB62654B1B687A6ADA60634B89
:10DA30001B6893ED077A614B1B68D3ED087A77EE8C
:10DA4000277AF0EEE77AC7ED087AD7ED087ADFEDAE
:10DA5000606A87EEA67AFB6A07EE903AF8EE677A7C
:10DA600067EE277AC7ED077AD7ED087ADFED596AB6
:10DA700087EEA67AFB6A07EE903AF8EE677A67EED1
:10DA8000277AC7ED067AD7ED0A7AB0EEE77A4B4BE4
:10DA90001B68D3ED007AF0EEE77AB4EEE77AF1EEA8
:10DAA00010FA01DDFB6900E0BB697B61D7ED0A7A02
:10DAB000F1EE677AC7ED047AD7ED047AB0EEE77A33
:10DAC0003E4B1B68D3ED017AF0EEE77AB4EEE77ACD
:10DAD000F1EE10FA01DDFB6900E0BB69FB60374B3A
:10DAE0001B68D3ED007A354B1C6897ED051AD7ED0E
:10DAF0000A0AB0EE670AFFF781FEF0EE407AC4ED45
:10DB0000007A2E4B1B68D3ED017A2C4B1C6897EDE5
:10DB1000031AD7ED040AB0EE670AFFF76FFEF0EEC6
:10DB2000407AC4ED017A254B1B681B7E002B05D083
:10DB3000012240212848F6F78FF904E00022402115
:10DB40002548F6F789F91D4B1B68D3ED007A1A4B6F
:10DB5000B3F90A3007EE103AB8EEC77AF0EE470A8A
:10DB6000B0EE670A1D48FEF71FF8144B1B681B4AEE
:10DB7000126C1A61114B1B68D3ED017A114BB3F98A
:10DB80000A3007EE103AB8EEC77AF0EE470AB0EE68
:10DB9000670A1348FEF708F8084B1B68104A126C16
:10DBA0005A61064B1B6800221A72044B1B68103323
:10DBB00018463437BD4690BDD01400200410002014
:10DBC0000C100020F01400200E10002000000000B7
:10DBD0000000FA430000C84200040240BC0D0020CF
:10DBE0004C0D002090B484B000AF786039603B6881
:10DBF000FB73FB7B022B06D97B680A4A1A607B68A1
:10DC000000225A6009E0FB7B7968074A0C46DB007A
:10DC1000134493E8030084E8030078681037BD4696
:10DC200090BC704715DD0008C011010890B585B0A3
:10DC300000AFF860B960FB68BA689A67FC683B4659
:10DC4000B9681846FFF7CEFF04F17C033A4692E824
:10DC5000030083E80300FB68DB6F0E4A934215D193
:10DC6000FB68D3F88030002B0AD0FB68DB6F002BF9
:10DC70000CD1FB68D3F8803003F00103002B05D1F1
:10DC8000BB68002B02D0FB6800229A6700BF1437E4
:10DC9000BD4690BD15DD000880B582B000AF78604C
:10DCA0007B68DB6F002B08D17B68D3F8803003F0F2
:10DCB0000103002B01D1012300E00023002B03D03E
:10DCC00000217868FFF7B2FF7B68D3F8803003F05B
:10DCD0000103002B0CD07B68D3F880305B101A4610
:10DCE0007B6813441B687A68D26F13441B6801E099
:10DCF0007B68DB6F7A68D2F88020521011467A6810
:10DD00000A4410469847F0EE407AB0EE670A0837AA
:10DD1000BD4680BD80B483B000AF78607B684FF0B3
:10DD200000029A667B689B6E07EE903AB0EE670A37
:10DD30000C37BD465DF8047B7047000080B582B0AB
:10DD400000AF78607B68D3E9182310461946F3F7D3
:10DD5000A9F90246154B1B6907EE903AF8EEE77AEF
:10DD6000F0EE670A00EE102A1148FDF71DFF104B78
:10DD7000D3ED107A0D4BB3F90A3007EE103AB8EE36
:10DD8000C77AF0EE470AB0EE670A0A48FDF70CFFC3
:10DD9000084B1A6C7B689A667B689B6E07EE903A1C
:10DDA000B0EE670A0837BD4680BD00BF10150020E1
:10DDB0009C0E00202C0E002080B582B000AF786051
:10DDC0007B68D3E9162310461946F3F76BF9024630
:10DDD000154B1B6907EE903AF8EEE77AF0EE670A0A
:10DDE00000EE102A1148FDF7DFFE104BD3ED107A3C
:10DDF0000D4BB3F90A3007EE103AB8EEC77AF0EEE1
:10DE0000470AB0EE670A0A48FDF7CEFE084B1A6CC7
:10DE10007B689A667B689B6E07EE903AB0EE670A65
:10DE20000837BD4680BD00BF101500207C0F0020C4
:10DE30000C0F00200000000090B585B000AF7860A6
:10DE40000B46FB701346BB70FB78052B40F04E81F0
:10DE50009B4B1B681B78002B14BF01230023DBB2F4
:10DE600019469848FFF7B2FB0346022B1CD0964B8D
:10DE70001B78DBB2022B0CBF01230023DBB2194657
:10DE80009248FFF7A3FB0346022B0FD1904B5B8810
:10DE90009BB2002B0AD08F4B1B681B7E012B05D138
:10DEA0007B685B7A002B01D1012300E00023002B6B
:10DEB00069D0894B1B69824A14681846F2F7EEFD57
:10DEC00002460B46C4E91823834B1A69834B83FB34
:10DED00002135913D317C91A0B46DB000B441B035B
:10DEE000D11A0846FFF73AFB034642F20F729342FB
:10DEF000D4BF01230023DBB2002B05D0704B1B687D
:10DF0000002283F86C2004E06D4B1B68012283F82B
:10DF10006C206B4B1B6893F86D30002B40F08F82A8
:10DF2000674B1B6893F86E30002B40F08882644B7F
:10DF30001B68D3E91801624B1C684FF00002684B64
:10DF4000F2F75EFC02460B46C4E918235C4B1B68E3
:10DF50009A6901329A615A4B1B68002283F8342077
:10DF6000574B1B68564A1168D3E91823C1E9162399
:10DF7000534B1B68002283F86D20514B1B68002215
:10DF800083F86E205BE24E4B1B685B78002B09D157
:10DF90004F4B5B889BB2002B13D04B4B1B78DBB2F3
:10DFA000032B0ED14B4B1B681B7E012B09D17B68C9
:10DFB0005B7A002B05D14B4B1B78012B01D0012341
:10DFC00000E00023002B53D03D4B1B68012283F857
:10DFD00034203B4B1B68D3E91601394B1C6836A330
:10DFE000D3E90023F2F70CFC02460B46C4E91623E2
:10DFF000394B1A69324B1B6807EE902AF8EEE77A24
:10E00000C3ED0B7A2E4B1B6893ED0C7A2C4B1B68DF
:10E01000D3ED0B6A2A4B1B68D3ED0A7A76EEE77ACA
:10E02000274B1B6877EE277AC3ED0C7A244B1B68CD
:10E0300093ED0C7ADFED2C6AC7EE267A204B1B6835
:10E04000FDEEE77A17EE902A9A61234B1A691C4B72
:10E050001B6807EE902AF8EEE77AC3ED0A7A184BB0
:10E060001B68174A1168D3E91623C1E91823E6E1B2
:10E07000134B1B6893F83430002B0AD0164B1B69E6
:10E080000F4A14681846F2F709FD02460B46C4E928
:10E0900018230B4B1B68002283F834200E4B1B699E
:10E0A000074A14681846F2F7F9FC02460B46C4E921
:10E0B0001623C4E1AFF3008066666666662481407D
:10E0C00008100020EC0F0020C408002000100020E1
:10E0D0008C0800200410002010150020398EE33831
:10E0E0000000E240321B002000001047FB78062BA6
:10E0F00040F0A5818C4B1A888C4B1B88D31A9AB29E
:10E100008B4B1A808B4B1B78DBB2022B0CBF01238D
:10E110000023DBB219468848FFF758FA0346022B62
:10E1200004D1864B5B889BB2002B0ED1844B93F8B5
:10E130008830002B14BF01230023DBB2194681482D
:10E14000FFF744FA0346022B0CD1794B1B881E2B98
:10E1500006D820217A48FBF7E0FF0346002B01D0C8
:10E16000012300E00023002B2BD0774B1B69774A5B
:10E1700014681846F2F792FC02460B46C4E91823CD
:10E18000724B1B68D3E91801704B1C684FF00002FA
:10E190006F4BF2F735FB02460B46C4E918236B4B75
:10E1A0001B686A4A1168D3E91823C1E91623674B33
:10E1B0001B68002283F83420644B1B6800221A6518
:10E1C0003DE15F4B93F88830002B09D05F4B1B6813
:10E1D0001B6D962B04DD594B5B889BB2002B18D02E
:10E1E000564B5B889BB2002B19D0554B93F8883067
:10E1F000002B14D04F4B1B78DBB2022B0FD1554BA9
:10E200001B681B7E002B0AD0504B1B681B6D962B86
:10E2100005DD514B1B78002B01D1012300E00023C9
:10E22000002B00F0EB80494B1B68012283F834205F
:10E230003F4B1B88132B15D8434B1B69434A14686B
:10E240001846F2F72BFC02460B46C4E918233F4B55
:10E250001968D4E91823C1E916233C4B1B68002236
:10E260009A70ECE0324B1B88132B17D9304B1B886C
:10E270003B2B13D8354B1B68D3E91601334B1C6875
:10E2800023A3D3E90023F2F7BBFA02460B46C4E905
:10E2900016232E4B1B6801229A70D0E0244B1B885A
:10E2A0003B2B17D9224B1B88772B13D8274B1B6886
:10E2B000D3E91601254B1C6817A3D3E90023F2F715
:10E2C0009FFA02460B46C4E91623204B1B68012225
:10E2D0009A70B4E0164B1B88772B3FD9144B1B88E0
:10E2E000952B3BD8194B1B68D3E91601174B1C68BB
:10E2F0000BA3D3E90023F2F783FA02460B46C4E9E5
:10E300001623124B1B6801229A7098E0AFF300802D
:10E310003333333333DB66403333333333DB7640ED
:10E320006666666666248140F81A0020FA1A0020A4
:10E33000F01A0020C4080020001000208C080020E3
:10E3400028190020F80F00201015002008100020C8
:10E350000000E24004100020321B0020564B1B88B6
:10E36000952B17D9544B1B88BD2B13D8534B1B68C7
:10E37000D3E91601514B1C684BA3D3E90023F2F7F4
:10E380003FFA02460B46C4E916234C4B1B68012298
:10E390009A7054E0484B1B88BD2B17D9464B1B88FD
:10E3A000DB2B13D8454B1B68D3E91601434B1C6884
:10E3B0003FA3D3E90023F2F723FA02460B46C4E950
:10E3C00016233E4B1B6801229A7038E03A4B1B889B
:10E3D000DB2B34D9394B1B68D3E91601374B1C684A
:10E3E00033A3D3E90023F2F70BFA02460B46C4E944
:10E3F0001623324B1B6801229A7020E02F4B1B68BA
:10E4000093F83430002B0AD02D4B1B692B4A14682B
:10E410001846F2F743FB02460B46C4E91823274B84
:10E420001B68002283F83420254B1B69234A14689B
:10E430001846F2F733FB02460B46C4E916230023C5
:10E44000FB607B685B6F012B02D0022B0AD013E0CC
:10E450007B6893F83430002B01D0022300E00123C5
:10E46000FB600CE07B6893F83430002B01D0022372
:10E4700000E00123FB6002E00023FB6000BF7B683B
:10E480009B6FFA689A4203D0F9687868FFF7CEFB71
:10E490007868FFF701FCF0EE407AB0EE670A1437B7
:10E4A000BD4690BDAFF30080AE47E17A1492844040
:10E4B0003333333333DB8640F01A0020081000205A
:10E4C0001015002080B483B000AF7860254B1B6826
:10E4D00093F84C30012B05D0224B1B6893F84C303D
:10E4E000022B1DD1204BB3F9223013F5167F05DA2C
:10E4F0001C4B1B68012283F84D2016E01A4BB3F920
:10E500002230B3F5167F05DD164B1B68022283F817
:10E510004D200AE0134B1B68002283F84D2004E0D5
:10E52000104B1B68002283F84D200E4B1B6893F89C
:10E530004D200C4B1B6802F00102D2B21A70094B3D
:10E540001B6893F84D305B10DAB2064B1B6802F083
:10E550000102D2B25A7000BF0C37BD465DF8047B91
:10E56000704700BF0810002028190020000000009C
:10E5700090B585B000AF7860F6F702FAF860804B8E
:10E580001B689B6C002B07D07D4B1B689B6CFA684B
:10E59000D31AB3F5C87F01D3012300E00023FB7237
:10E5A000774B1B6893F83430BB72764BD3ED107AFF
:10E5B0009FED757AF4EEC77AF1EE10FA09DC714B33
:10E5C000D3ED107A9FED717AF4EEC77AF1EE10FA7E
:10E5D00001D5012300E000237B726D4BD3ED107A4F
:10E5E0009FED697AF4EEC77AF1EE10FA09DC684B18
:10E5F000D3ED107A9FED657AF4EEC77AF1EE10FA5A
:10E6000001D5012300E000233B72BB7A002B4ED1E1
:10E610007B7A002B4BD05A4B1B68D3ED017AB7EEB7
:10E62000007A77EE877AC3ED017AD3ED017A9FED18
:10E63000597AF4EEC77AF1EE10FACCBF0123002329
:10E64000DBB2002B00F08E80FB7A002B29D07B6898
:10E6500001225A72504B1B69494A14681846F2F756
:10E660001DFA02460B46C4E91623454B1968D4E946
:10E670001623C1E91823424B1B68D3E91801404B0C
:10E680001C684FF00002454BF2F7BCF802460B46FF
:10E69000C4E918233A4B1B68FA689A647B68002225
:10E6A0005A72374B1B684FF000025A605AE0BB7A2F
:10E6B000002B52D03B7A002B4FD0314B1B68D3ED4F
:10E6C000017AB7EE007A77EE877AC3ED017AD3ED5F
:10E6D000017A9FED307AF4EEC77AF1EE10FACCBFF2
:10E6E00001230023DBB2002B3CD0FB7A002B2ED081
:10E6F0007B6801225A72224B1B68012283F8342066
:10E70000254B1B691E4A14681846F2F7C7F90246E2
:10E710000B46C4E918231A4B1968D4E91823C1E938
:10E720001623174B1B68D3E91601154B1C6812A35F
:10E73000D3E90023F2F766F802460B46C4E9162334
:10E740000F4B1B68FA689A647B6800225A720C4B64
:10E750001B684FF000025A6004E0094B1B684FF041
:10E7600000025A60064B1B681A6D01321A6500BF21
:10E770001437BD4690BD00BF000000606666E740EC
:10E78000081000202C0E002000803B4600803BC675
:10E790000C0F002000004843101500200000EB4043
:10E7A00080B582B000AF78600B46FB701346BB703B
:10E7B000BA78FB7819467868FFF73EFBF0EE407AAE
:10E7C000B0EE670A0837BD4680BD000090B583B043
:10E7D00000AF786039607B68012B40F0B3803B6804
:10E7E0004FF6FF72934240F0AD805848FEF7C4FEEA
:10E7F0009FED574ADFED563A9FED563ADFED542A2A
:10E800009FED532ADFED531A9FED511ADFED500AA9
:10E81000B3EE040A5048FEF787F99FED4D4ADFED4D
:10E820004C3A9FED4C3ADFED4A2A9FED492ADFED45
:10E83000491A9FED471ADFED460AB3EE040A47482E
:10E84000FEF772F99FED424ADFED413A9FED443AFF
:10E85000DFED3F2A9FED3E2ADFED411A9FED3C1A86
:10E86000DFED3B0AB2EE0A0A3E48FEF75DF99FED86
:10E87000384ADFED373A9FED3A3ADFED3B2A9FED1C
:10E88000342ADFED371A9FED321ADFED310A9FEDA2
:10E89000370A3748FEF748F99FED2D4ADFED2C3A4D
:10E8A0009FED2F3ADFED2A2A9FED292ADFED2C1A62
:10E8B0009FED271ADFED260AB2EE0A0A2D48FEF771
:10E8C00033F99FED234ADFED223A9FED253ADFED44
:10E8D000202A9FED1F2ADFED221A9FED1D1ADFED82
:10E8E0001C0A9FED250A2548FEF71EF90021244841
:10E8F000FEF75CFE00212348FEF758FE0021224867
:10E90000FEF754FE00212148FEF750FE002120486A
:10E91000FEF74CFE00211F48FEF748FE242002F0BF
:10E9200059FA03461C462046FEF782FE1A4B1C602D
:10E93000882002F04FFA03461C462046FEF7DCFE14
:10E94000164B1C6000BF0C37BD4690BD3C0D00202F
:10E950000000000000606A464C0D0020BC0D002045
:10E9600000007A462C0E002000401C46CDCCCC3E48
:10E970009C0E00200C0F00206666E63E7C0F0020F7
:10E98000EC0F0020F00F0020F40F0020F80F002003
:10E99000FC0F0020001000200410002008100020B0
:10E9A00080B500AF4FF6FF710120FFF70FFF80BD6C
:10E9B00080B483B000AF78607B68074A1A607B68D8
:10E9C000064A5A607B68064A9A607B6818460C378C
:10E9D000BD465DF8047B70470000FA436F12833A2E
:10E9E000DA0F494080B483B000AF78607B684FF0A5
:10E9F00000021A607B684FF000025A607B684FF09B
:10EA000000029A607B684FF00002DA607B680022A7
:10EA10001A617B6803225A617B681D4A9A617B6890
:10EA20000022DA617B684FF000021A627B684FF0C7
:10EA300000025A627B684FF000029A627B680022F3
:10EA400083F82C207B684FF000021A637B684FF03C
:10EA500000025A637B684FF000029A637B684FF0B4
:10EA60000002DA637B684FF07E521A647B684FF0D5
:10EA70007E525A647B68002283F848207B6800221B
:10EA8000DA647B6818460C37BD465DF8047B704736
:10EA900035F2000880B485B000AF87ED010A97ED2C
:10EAA000017ADFED0E6AC7EE267AC7ED037AD7ED5D
:10EAB000037A9FED0B7A67EE877AB1EE007A67EE04
:10EAC000877AC7ED027ABB6807EE903AB0EE670A24
:10EAD0001437BD465DF8047B704700BFABAAAA455A
:10EAE0002DB23D3F80B483B000AF786087ED000A5F
:10EAF000074A3B689360074A3B689360064A3B6855
:10EB0000936000BF0C37BD465DF8047B704700BFC3
:10EB10002410002070100020BC10002080B586B0AA
:10EB200000AF786187ED040A0B46C7ED020A87ED56
:10EB3000011AFB73D7ED047A9FED3F7AF4EEC77AA2
:10EB4000F1EE10FA02DD3D4B3B610AE0D7ED047AAD
:10EB50009FED3B7AF4EEC77AF1EE10FA01D5394B0E
:10EB60003B61D7ED027AB7EE007AF4EEC77AF1EEA8
:10EB700010FA03DD4FF07E53BB600AE0D7ED027A56
:10EB8000BFEE007AF4EEC77AF1EE10FA01D52E4B03
:10EB9000BB60D7ED017AB7EE007AF4EEC77AF1EEFA
:10EBA00010FA03DD4FF07E537B600AE0D7ED017A67
:10EBB000BFEE007AF4EEC77AF1EE10FA01D5224BDF
:10EBC0007B60FB7B002B01D03B6901E04FF0000331
:10EBD0007A691363FB7B002B01D0BB6801E04FF027
:10EBE00000037A699363FB7B002B01D07B6801E013
:10EBF0004FF07E537A6913647B69FA7B83F848206F
:10EC0000F5F7BEFE02467B69DA64FB7B83F0010305
:10EC1000DBB2002B0BD07B694FF000025A637B699B
:10EC20004FF000029A607B694FF00002DA6000BF8B
:10EC30001837BD4680BD00BF00007A4400007A440A
:10EC400000007AC400007AC4000080BF80B588B09C
:10EC500000AF7860F5F794FE78617B68DB6C7A69C9
:10EC6000D31A642B8CBF01230023FB747B6893F8B9
:10EC7000483083F00103DBB2002B02D1FB7C002B78
:10EC80000ED07B684FF000025A637B684FF00002A1
:10EC90009A607B684FF00002DA604FF00003C1E039
:10ECA0007B6893ED0D7A7B68D3ED0C6A7B68D3EDBE
:10ECB0000D7A76EEE77ADFED5F6A67EEA67A77EE99
:10ECC000277A7B68C3ED0D7A7B6893ED0F7A7B68BA
:10ECD000D3ED0E6A7B68D3ED0F7A76EEE77AF5EE28
:10ECE000006A67EEA67A77EE277A7B68C3ED0F7A23
:10ECF0007B6893ED117A7B68D3ED106A7B68D3ED66
:10ED0000117A76EEE77AF5EE006A67EEA67A77EE8C
:10ED1000277A7B68C3ED117A7B6893ED0F7A7B6865
:10ED2000D3ED0F7A27EE277A7B68D3ED116A7B68E3
:10ED3000D3ED117A66EEA77A77EE277AB0EE670AFE
:10ED4000F1F7A0FA87ED030AD7ED037A9FED3A7A3F
:10ED5000F4EEC77AF1EE10FA07DD7B68D3ED116AA5
:10ED600097ED037AC6EE877A01E0F7EE007AC7EDF9
:10ED7000077AD7ED077AB7EE007AF4EEC77AF1EEAC
:10ED800010FA03DD4FF07E53FB610AE0D7ED077AFE
:10ED9000BFEE007AF4EEC77AF1EE10FA01D5274BF8
:10EDA000FB61B7EE007AD7ED077A77EE677AB6EEB9
:10EDB000007A67EE877A7B68C3ED037A7B68D3EDD0
:10EDC000037A9FED1F7A67EE877A9FED1E7A77EEC2
:10EDD000877AC7ED027A7B68D3ED0D7A97ED027AD8
:10EDE00067EE277AC7ED067AD7ED067AB0EE007A9D
:10EDF000F4EEC77AF1EE10FA03DD4FF08043BB6109
:10EE00000BE0D7ED067AB8EE007AF4EEC77AF1EEB1
:10EE100010FA02D54FF04043BB617B68BA699A6033
:10EE20007B689B6807EE903AB0EE670A2037BD46D4
:10EE300080BD00BFCDCC4C3DCDCCCC3D000080BFD3
:10EE40006E12033B6F12833A90B484B000AF7860C7
:10EE500039603B68FB73FB7B032B06D97B680A4A4E
:10EE60001A607B6800225A6009E0FB7B7968074AD8
:10EE70000C46DB00134493E8030084E80300786841
:10EE80001037BD4690BC704735F20008D811010814
:10EE900090B585B000AFF860B960FB68BA685A6198
:10EEA000FC683B46B9681846FFF7CEFF04F118032B
:10EEB0003A4692E8030083E80300FB689B690D4A29
:10EEC000934213D1FB68DB69002B09D0FB689B6977
:10EED000002B0BD1FB68DB6903F00103002B05D18C
:10EEE000BB68032B02D0FB6803225A6100BF1437B2
:10EEF000BD4690BD35F2000880B582B000AF7860A5
:10EF00000B46FB707B689B69002B07D17B68DB6934
:10EF100003F00103002B01D1012300E00023002BAB
:10EF200003D003217868FFF7B3FF7B68DB6903F048
:10EF30000103002B0BD07B68DB695B101A467B68F2
:10EF400013441B687A68926913441B6801E07B686C
:10EF50009B697A68D269521011467A680A44F97836
:10EF600010469847F0EE407AB0EE670A0837BD4683
:10EF700080BD000080B584B000AF78600B46FB70A8
:10EF8000FB78002B1AD04F4BB3F9303013F5C87F04
:10EF90000DDB4C4BB3F93030B3F5C87FA8BF4FF44D
:10EFA000C8731BB207EE903AB8EEE77A01E09FED26
:10EFB000467ADFED466AC7EE267A0AE0414BB3F99E
:10EFC000263007EE903AB8EEE77ADFED416AC7EEF9
:10EFD000267AC7ED037A7B6893ED017AD7ED037A41
:10EFE00077EE677A7B68C3ED017A4FF4807135481C
:10EFF000FBF793F80346002B14BF01230023DBB279
:10F0000019463448FEF7E2FA0346022B0CBF0123EF
:10F010000023DBB2002B28D07B68D3ED017A9FED73
:10F020002E7A77EE877A7B68C3ED017A7B68D3ED21
:10F03000017AB0EE670A7868FFF754FD274B1B880A
:10F0400043F002039AB2254B1A807B68012283F8B1
:10F050002C2001217868FFF71BFFFB7819467868A0
:10F0600000F08AF8F0EE407A27E07B68002283F80F
:10F070002C207B68D3ED017AB0EE670A7868FFF741
:10F0800031FD174BD3ED7A7A154B93ED807AF0EE84
:10F09000470AB0EE670A1348FCF73AFF114BD3ED6D
:10F0A0000B7AB0EE670AFFF7F5FCF0EE407A7B686A
:10F0B000C3ED007A7B68D3ED007AB0EE670A1037B3
:10F0C000BD4680BD281900200000C8C3000096443A
:10F0D0000040CE452010002000003443FC1A0020E0
:10F0E000101600202410002080B582B000AF786098
:10F0F0000B46FB707B68D3ED017AB0EE670A786847
:10F10000FFF7F0FC7B68D3ED017A174B93ED007AA3
:10F11000164BD3ED006A164B93ED7A6A144BD3ED80
:10F12000805AB0EE652AF0EE461AB0EE661AF0EE9E
:10F13000470AB0EE670A0F48FCF7B2FF0D4BD3ED5C
:10F140000B7AB0EE670AFFF7A5FCF0EE407A7B6819
:10F15000C3ED007A7B681B6807EE903AB0EE670A51
:10F160000837BD4680BD00BF201B0020241B0020A7
:10F17000101600207010002080B582B000AF7860BB
:10F180000B46FB707B68D3ED017AB0EE670A7868B6
:10F19000FFF7A8FC7B6893ED017A234BD3ED7A7AD5
:10F1A00077EE677AF0EEE77AB1EE047AF4EEC77A9A
:10F1B000F1EE10FA1CDD1C4BD3ED7A7A1A4B93ED6D
:10F1C000807AF0EE470AB0EE670A1848FCF7A0FE16
:10F1D000164BD3ED0B7AB0EE670AFFF75BFCF0EE4F
:10F1E000407A7B68C3ED007A7B68D3ED007A16E045
:10F1F0000F4B1B8823F002039AB20D4B1A807B68D9
:10F20000002283F82C2000217868FFF741FEFB786C
:10F2100019467868FFF7AEFEF0EE407A00BFB0EE18
:10F22000670A0837BD4680BD10160020BC100020BC
:10F23000FC1A002080B582B000AF78600B46FB70EE
:10F24000124BD3F8E8217B685A607B68D3ED017AD2
:10F25000B0EE670A7868FFF745FC7B68002283F808
:10F260002C200B4B1B8823F002039AB2084B1A8008
:10F270007B684FF000021A607B681B6807EE903ACB
:10F28000B0EE670A0837BD4680BD00BF10160020EB
:10F29000FC1A002080B584B000AF78600B46FB708C
:10F2A000384B1B78012B03D17B6801221A610AE0DD
:10F2B000344B1B78022B03D17B6802221A6102E0D7
:10F2C0007B6800221A610323FB607B681B69012BAA
:10F2D00002D0022B0AD017E07B6893F82C30002B69
:10F2E00001D0012300E00023FB6010E07B680022D6
:10F2F00083F82C20244B1B8823F002039AB2224B64
:10F300001A800223FB6002E00323FB6000BF7B68DE
:10F310005B69FA689A4203D0F9687868FFF7B8FD2C
:10F32000FB7819467868FFF7E7FD87ED020A7B68EE
:10F330001B69002B10D17B684FF000025A637B6879
:10F340004FF000029A607B684FF00002DA607B6841
:10F350004FF000021A600BE07868FFF777FCB0EE20
:10F36000407AD7ED027A77EE277A7B68C3ED007A90
:10F370007B681B6807EE903AB0EE670A1037BD460F
:10F3800080BD00BFE11A0020FC1A002080B582B0C9
:10F3900000AF786039607B68012B40F0C7803B6824
:10F3A0004FF6FF72934240F0C1806248FFF700FBC6
:10F3B00000216148FEF7FAF8F7EE003AB7EE003A9E
:10F3C000DFED5E2A9FED5E2ADFED5E1A9FED5E1A8D
:10F3D000DFED5E0AB3EE0C0A5D48FDF7EDFBF7EEDC
:10F3E000003AB7EE003ADFED552A9FED552ADFEDE2
:10F3F000551A9FED551ADFED570AB3EE0E0A56481F
:10F40000FDF7DAFBF7EE003AB7EE003ADFED4B2AF4
:10F410009FED522ADFED521A9FED4B1ADFED4B0A9A
:10F42000B2EE0E0A4F48FDF7C7FB9FED474ADFEDEE
:10F43000463A9FED4D3AF2EE042A9FED432ADFED66
:10F440004B1A9FED411ADFED400AB3EE040A48481B
:10F45000FDF76AFB9FED3C4ADFED3B3AB2EE043A22
:10F46000DFED392A9FED382AF2EE041A9FED361AA5
:10F47000DFED350A9FED3F0A3F48FDF755FB9FED55
:10F48000324ADFED313A9FED383AF2EE042A9FED31
:10F490002E2ADFED361AB2EE041ADFED2B0AB3EE98
:10F4A0000E0A3648FDF740FB9FED274ADFED263A6E
:10F4B000B2EE043ADFED242A9FED232AF2EE041A7D
:10F4C0009FED211ADFED200A9FED2D0A2D48FDF753
:10F4D0002BFB9FED1D4ADFED1C3A9FED233ADFED3C
:10F4E0001A2A9FED192ADFED211A9FED171ADFED79
:10F4F000160AB3EE0E0A2448FDF716FB9FED124ADA
:10F50000DFED113AB1EE043ADFED0F2A9FED0E2A3E
:10F51000F1EE041A9FED0C1ADFED0B0A9FED1B0AAA
:10F520001B48FDF701FB1B48FFF75CFA00BF0837DB
:10F53000BD4680BD10100020201000206666663F8A
:10F540000060EA460AD7233C000000000000484261
:10F550002410002000005C427010002000007A4659
:10F560006F12833ABC1000200000FA430000E14310
:10F57000081100200AD7A33C78110020E8110020D0
:10F58000295C0F3D58120020C8120020CDCCCC3C85
:10F5900038130020A813002080B500AF4FF6FF718C
:10F5A0000120FFF7F3FE80BD80B400AFBFF34F8FA3
:10F5B00000BF064BDB6803F4E0620449044B1343CD
:10F5C000CB60BFF34F8F00BF00BFFDE700ED00E051
:10F5D0000400FA0580B485B000AFF860B960134646
:10F5E000FB71FB68BA681A60FB68FA7983F84820F7
:10F5F000FB6818461437BD465DF8047B704780B43D
:10F6000085B000AFF860B9607A60FB68BA681A60CC
:10F61000FB687A685A60FB684FF6FF72A3F8102106
:10F62000FB6818461437BD465DF8047B704780B40C
:10F6300083B000AF78600B467B807B687A881A8045
:10F640007B6818460C37BD465DF8047B704780B573
:10F6500084B000AF78600B467B807B681B887A881B
:10F660009A4201D100230CE07B681B887A881946F6
:10F67000786800F00AF80346FB737B687A881A8082
:10F68000FB7B18461037BD4680BD80B483B000AF09
:10F6900078600B467B8013463B807B88002B09D12A
:10F6A0003B88012B01D101231FE03B88022B1BD19A
:10F6B00002231AE07B88012B09D13B88002B01D162
:10F6C000032312E03B88022B0ED104230DE07B883C
:10F6D000022B09D13B88002B01D1052305E03B8893
:10F6E000012B01D1062300E0002318460C37BD464C
:10F6F0005DF8047B7047000080B483B000AF786091
:10F700007B68074A1A607B68064A5A607B68064A2B
:10F710009A607B6818460C37BD465DF8047B7047DD
:10F720000000FA436F12833ADA0F494080B487B081
:10F7300000AF78613961FA60BB6087ED010A7B69CF
:10F740003A691A607B69FA685A607B69BA689A609C
:10F750007B697A6ADA607B693A8C1A827B693A8DB6
:10F760005A827B694FF07E52C3F81C227B694FF0AE
:10F770000002C3F820227B694FF00002C3F8242264
:10F780007B694FF00002C3F828227B6997F830208C
:10F7900083F82C227B6997F8342083F82D227B692B
:10F7A0004FF00002C3F838227B694FF00002C3F823
:10F7B0003C227B697A68C3F840227B69BA8DA3F842
:10F7C00046227B690022A3F84C227B69002283F841
:10F7D0004E227B69002283F84F227B6918461C3732
:10F7E000BD465DF8047B704780B485B000AFF8601B
:10F7F00087ED020AC7ED010A87ED001AFB68BA68B7
:10F800001A60FB687A685A60FB683A689A60FB681D
:10F810004FF000025A61FB6818461437BD465DF888
:10F82000047B704780B485B000AFF8600B467A6007
:10F830007B81FB687A891A80FB687A685A60FB686A
:10F84000002283F83420FB6800221A64FB6803223C
:10F8500083F84420FB68134A9A64FB68124ADA640E
:10F86000FB68124A1A65FB68114A5A65FB684FF03B
:10F8700000029A65FB680F4ADA65FB684FF00002E8
:10F880001A66FB680C4A5A66FB680C4A9A66FB6863
:10F890000B4ADA66FB6818461437BD465DF8047BF0
:10F8A000704700BFDC0F49C0DC0F49400000F0C1C9
:10F8B0000000F0410000FA430000A040000040C1F9
:10F8C0000000404180B485B000AFF8600B467A601C
:10F8D0007B81FB687A891A80FB687A685A60FB68CA
:10F8E00018461437BD465DF8047B704780B400AFFE
:10F8F000754B93F82C30012B08D1734B93F82D30B6
:10F90000012B03D1714B00221A7064E06E4B93F807
:10F910002C30012B08D16C4B93F82D30032B03D1E5
:10F920006A4B01221A7056E0674B93F82C30032B78
:10F9300008D1654B93F82D30012B03D1634B022284
:10F940001A7048E0604B93F82C30032B08D15E4BC3
:10F9500093F82D30032B03D15C4B03221A703AE04D
:10F96000594B93F82C30022B08D1574B93F82D307C
:10F97000032B03D1554B04221A702CE0524B93F801
:10F980002C30032B08D1504B93F82D30022B03D190
:10F990004E4B05221A701EE04B4B93F82C30022B75
:10F9A00008D1494B93F82D30022B03D1474B062247
:10F9B0001A7010E0444B93F82C30022B08D1424BC4
:10F9C00093F82D30012B03D1404B07221A7002E02F
:10F9D0003E4B00221A703E4B1B78002B1FD13B4B35
:10F9E0001B78032B14D0394B1B78012B10D0374BCD
:10F9F0001B78052B04D1374B5B889BB2002B07D0BB
:10FA0000324B1B78062B03D0304B1B78042B06D1CE
:10FA1000304B5B889BB2002B01D1012300E0002317
:10FA2000002B03D02C4B01221A7010E0294B5B886D
:10FA30009BB2002B14BF01230023DBB2002B03D0A9
:10FA4000254B02221A7002E0234B00221A70204B31
:10FA50001B78002B1AD11D4B1B78032B0FD01B4B8F
:10FA60001B78012B0BD0194B1B78052B07D0174B9C
:10FA70001B78062B03D0154B1B78042B06D1154B96
:10FA80005B889BB2002B01D1012300E00023002BF7
:10FA900003D0124B01221A7010E00E4B5B889BB210
:10FAA000002B14BF01230023DBB2002B03D00B4B30
:10FAB00002221A7002E0094B00221A7000BFBD46F4
:10FAC0005DF8047B704700BF28190020E01A002071
:10FAD000800000208C080020E11A0020E21A00209B
:10FAE00090B583B002AF794B93F8013103F0300346
:10FAF000DBB2002B4DD0754B93F81631A92B75D185
:10FB0000724B93F81731532B70D1704B93F81D3112
:10FB10005BB203F00F035BB263F05F035BB2DAB278
:10FB20006A4B83F81D21694B93F819311AB2674B60
:10FB300093F818311B021BB2134318B2634B93F8AE
:10FB40001B311AB2614B93F81A311B021BB21343DB
:10FB50001CB25E4B93F81D311AB25C4B93F81C310A
:10FB60001B021BB213431BB2584A92F8282111B250
:10FB7000564A92F82721120212B20A4312B2019297
:10FB80000093234602464FF488715148F9F715FD5A
:10FB90002CE04E4B5B7A1AB24C4B1B7A1B021BB209
:10FBA000134318B2494BDB7A1AB2484B9B7A1B02BB
:10FBB0001BB213431CB2454B5B7B1AB2434B1B7BFE
:10FBC0001B021BB213431BB2404AD27D11B23F4A03
:10FBD000927D120212B20A4312B20192009323469E
:10FBE00002464FF488713A48F9F7E7FC394B1B7825
:10FBF000002B18D0354B5B7E1AB2344B1B7E1B0298
:10FC00001BB213431AB2344B1B881BB20021019163
:10FC10000021009140F213112D48F9F7CEFC2D4B35
:10FC200000221A7010E02D4B5B889BB21AB20023A1
:10FC3000019300230093002340F215112448F9F7A3
:10FC4000BCFC244B01221A70214BDB69B3F5AB6F6E
:10FC500037D11F4B93F839301AB21D4B93F8383017
:10FC60001B021BB213431BB29AB21D4B1A80184BD6
:10FC700093F83B301AB2164B93F83A301B021BB282
:10FC800013431BB29AB2174B1A80114B93F83D30B5
:10FC90001AB20F4B93F83C301B021BB213431BB23A
:10FCA0009AB2114B1A800A4B93F83F301AB2084BA4
:10FCB00093F83E301B021BB213431BB29AB20B4B9C
:10FCC0001A8000BF0437BD4690BD00BF2819002030
:10FCD0005C1400206E1B0020FC1A00208C08002001
:10FCE000FE1A0020F61A0020F81A0020FA1A002046
:10FCF00080B584B002AF9C4B1B78062B03D19B4B85
:10FD000001221A7002E0994B00221A70984B93F866
:10FD10008930002B05D1964BB3F92A3013F5167FA5
:10FD200006DA944B01225A80934B01221A7005E0A7
:10FD3000904B00225A80904B00221A708B4B1B78FC
:10FD4000002B55D04FF400618948FAF7E6F90346D5
:10FD5000002B08D020218648FAF7DFF90346002B54
:10FD600001D0012300E00023002B41D00520F4F74F
:10FD700013FE00230193002300930023002240F28E
:10FD8000FF217E48F9F719FC0A20F4F705FE00234D
:10FD9000FB71FB79182B15D8794B4FF000021A60D4
:10FDA00000230193002300930023002240F2FF115F
:10FDB0007448F9F702FC0A20F4F7EEFDFB790133F1
:10FDC000FB71E6E700230193002300930023002248
:10FDD0004FF400716948F9F7F0FB1420F4F7DCFDEB
:10FDE00001233B603B6883F3138800BFFFF7DCFB14
:10FDF000654B1B8803F00103002B03D0634B0022EB
:10FE0000DA8202E0614B0122DA82614B1B78002B1F
:10FE100007D0604B1B8843F001039AB25D4B1A80F8
:10FE200006E05C4B1B8823F001039AB2594B1A8001
:10FE3000594B1B78002B07D0564B1B8843F004030B
:10FE40009AB2544B1A8006E0524B1B8823F00403ED
:10FE50009AB2504B1A804FF400714548FAF75DF999
:10FE60000346002B14BF01230023DBB219464B4885
:10FE7000FDF7ACFB0346022B08D13D4BB3F88C30A9
:10FE800003F02003002B01D0012300E00023002B0E
:10FE90000BD0434B1B68D3ED087A414B1B689FED99
:10FEA000417A77EE877AC3ED087A4FF400713048D3
:10FEB000FAF733F90346002B14BF01230023DBB20A
:10FEC00019463948FDF782FB0346022B08D1284B1F
:10FED000B3F88C3003F02003002B01D1012300E0A4
:10FEE0000023002B0BD02E4B1B68D3ED087A2C4B34
:10FEF0001B689FED2C7A77EEC77AC3ED087A4FF432
:10FF000080411B48FAF709F90346002B14BF01236F
:10FF10000023DBB219462548FDF758FB0346022BA8
:10FF200009D0114B1B78052B07D1114BB3F92A309F
:10FF3000B3F5167F01DD012300E00023002B0ED076
:10FF40001B4B1B785A1C1B4B83FB0231D317C91A5E
:10FF50000B465B000B44D11ACAB2154B1A7000BF96
:10FF60000837BD4680BD00BFE01A0020F41A00200B
:10FF7000281900208C080020081B002008140020ED
:10FF8000E81A00205C140020FE1A0020AC080020B3
:10FF900080000020FC1A0020001B0020381B0020DD
:10FFA00004100020000048423C1B0020401B0020A1
:10FFB000321B00205655555580B500AF0022002158
:10FFC0002F48F9F75BFA0520F4F7E6FC012201213E
:10FFD0002C48F9F753FA0520F4F7DEFC2A48F9F724
:10FFE000CFFB2948F9F790FB0520F4F7D5FCF9F78A
:10FFF00073F80520F4F7D0FC01212448FCF704FA3B
:020000040801F1
:100000000A20F4F7C9FC02212148FCF7FDF905207C
:10001000F4F7C2FC1F48FAF77FFA03461A461E4B54
:100020001A700A20F4F7B8FC1C48F5F7FBFA1C48D4
:10003000F5F7F8FA1B48F5F7F5FA1B48F5F7F2FA69
:100040001A48F5F7EFFA1A48FBF71EFD1948FBF7B7
:100050001BFD1948FBF718FD1848FBF715FD18485C
:10006000FBF712FD1748FBF70FFD0520F4F794FC92
:10007000154B01221A70144B1B78184680BD00BF27
:10008000081400205C1400202819002030150020DE
:10009000A015002010160020800000206001002024
:1000A000C80200203802002080020020A8010020A1
:1000B0009C18002080180020B8180020D4180020B8
:1000C000F01800200C1900206F1B002080B487B0AE
:1000D00000AF87ED030AC7ED020A87ED011A97ED1D
:1000E000037AD7ED027A77EE677AC7ED057AD7ED16
:1000F000057A9FED177AF4EEC77AF1EE10FA08DD73
:10010000D7ED057A9FED137A77EEC77AC7ED057ABA
:1001100010E0D7ED057A9FED107AF4EEC77AF1EE94
:1001200010FA07D5D7ED057A9FED0A7A77EE877A30
:10013000C7ED057A97ED017AD7ED057A77EE277A44
:10014000B0EE670A1C37BD465DF8047B704700BF00
:10015000000034430000B443000034C380B500AF56
:100160004FF4FA70F4F718FCFFF726FF03461A461F
:10017000014B1A7000BF80BD311B002080B500AF5D
:10018000012220211548F3F767FEFFF7AFFB144B60
:100190001B68144A127811461846FDF76BFB124B88
:1001A0001B681846FEF78EF9FFF7A2FD0F4B1A6881
:1001B0000E4B1B68D3ED017AB0EE670A1046FEF7CE
:1001C00091FC0B4B1A680A4B1B68D3ED017AB0EE19
:1001D000670A1046FDF7B0F800BF80BD000402407A
:1001E00004100020E01A0020081000207C000020ED
:1001F0007800002080B584B002AF78607B68894ABF
:10020000934201D1FFF76CFC7B68874A93423CD153
:10021000864B1B78002B02D18548F9F731FA8448C8
:10022000F9F751FA834B1A78834BA3FB0213D908D1
:100230000B469B000B445B00D31ADBB2002B1ED194
:100240007E4B1B78002B10D002217D48FCF7DCF898
:100250007C4B1B780133DAB27A4B1A70754B002253
:100260001A70764B00221A7009E001217648FCF7DB
:10027000CBF8724B01221A706E4B00221A706D4B34
:100280001B780133DAB26B4B1A707B686F4A93426A
:1002900007D16F48FBF78CFB6E4B1B681846FEF7C7
:1002A00067F97B686C4A93425ED16C4B1B7803F014
:1002B0000103002B29D1644BB3F90A30012B4DD136
:1002C000674B1B78002B0ED19FED662ADFED651A78
:1002D0009FED641ADFED630A9FED620A01215A481F
:1002E000FCF742F93AE0604BD3ED007AB0EE672AB2
:1002F000DFED5E1A9FED5B1ADFED5A0A9FED590A9A
:1003000001215148FCF730F928E04D4BB3F90A3090
:10031000012B23D1564B1B78002B0ED19FED512A78
:10032000DFED501A9FED4F1ADFED4E0A9FED4D0A9B
:1003300002214348FCF718F910E04E4BD3ED007A48
:10034000B0EE672ADFED471A9FED461ADFED450A4A
:100350009FED440A02213A48FCF706F93F4B1B780F
:100360000133DAB23D4B1A707B68434A934255D150
:10037000374BD3F80432414A1360354BD3F8083277
:100380003E4A5360324BD3F80C323C4A9360304BB8
:10039000D3F81032394AD360384B394A1A61F8F72A
:1003A000B1FE384B1B78002B0BD1374B1B78013338
:1003B000DAB2354B1A70344B1B780A2B01D9012362
:1003C00000E00023002B0BD00023019300230093B7
:1003D000002300224FF400712C48F9F7EEF81DE0DD
:1003E000294B00221A702A4B1B68D3ED047AFDEECC
:1003F000E77A17EE903A1AB2254B1B68D3ED057ACF
:10040000FDEEE77A17EE903A1BB200210191002130
:1004100000914FF400711D48F9F7CFF800BF08377D
:10042000BD4680BD6001002038020020011B002075
:1004300028190020701B0020CDCCCCCC711B0020D3
:10044000A0150020301B0020301500208002002065
:100450001016002008100020A8010020721B0020A8
:10046000E21A002000000000E41A0020CDCC4C3D30
:10047000E11A0020E81A0020C8020020AC08002081
:100480003333C341E01A0020731B002008140020FE
:100490000410002080B582B000AF786019491A4876
:1004A000F9F7C8F80346002B0CBF01230023DBB289
:1004B000002B22D01548FCF710F90346002B0CBF87
:1004C00001230023DBB2002B0CD0114B1B68114A17
:1004D000127811461846FCF7EDFEF0EE407A0E4B0E
:1004E000C3ED007A0D4B1B680D4A12781146184671
:1004F000FDF72EFA03460B4A136000BF0837BD46CE
:1005000080BD00BFB400002008140020301500207A
:1005100078000020F41A0020E41A002004100020C3
:10052000E01A0020041B002080B586B002AF78607E
:1005300062496348F9F77EF80346002B0CBF01239C
:100540000023DBB2002B00F0B5805D4BDB69B3F517
:100550008B7F58D15A4B93F838301B021AB2584B44
:1005600093F839301BB21343FB81554B93F83A3063
:100570001B021AB2524B93F83B301BB213431BB20F
:10058000BB814F4B93F83C301B021AB24C4B93F893
:100590003D301BB213437B81494B93F83E301B0225
:1005A0001AB2474B93F83F301BB213433B81454B84
:1005B0001A68B7F90E3007EE903AB8EEE77ABB89C1
:1005C000002B14BF01230023DBB2B7F90A1007EE9A
:1005D000901AF8EEE77A9FED3C6AC7EE866AB7F9A3
:1005E000081007EE901AF8EEE77ADFED375A87EE3B
:1005F000A56AB0EE461AF0EE660A1946B0EE470A52
:100600001046FEF78BFA3148FCF767F80346002BDB
:100610000CBF01230023DBB2002B20D0294B1B6829
:100620002B4A127811461846FEF734FEF0EE407A57
:10063000284BC3ED007A274BD3ED007AF1EE677AB1
:10064000FDEEE77A17EE903A1BB201930023009378
:10065000002300224FF4FF711948F8F7AEFF1E483F
:10066000FCF716F90346002B0CBF01230023DBB275
:10067000002B1FD0194B1B68194A1178144A1278A5
:100680001846FEF78DF8F0EE407A164BC3ED007A6F
:10069000144BD3ED007AFDEEE77A17EE903A1BB2D9
:1006A000019300230093002300224FF400710448BB
:1006B000F8F783FF00BF1037BD4680BDDC00002087
:1006C0005C1400207C00002000401C46A015002087
:1006D000F41A0020E81A002010150020081000204D
:1006E000E01A0020EC1A00202DE9B04300AF424888
:1006F000F9F7D2F8404B93F80131C3F30113DBB2A1
:100700009BB219463D48FEF7A2FF0346012B0DD0D0
:10071000394B93F80131C3F30113DBB29BB2194695
:100720003748FEF794FF0346022B01D1012300E076
:100730000023002B1AD03348F5F711FD314B1B680D
:10074000DA68304B1B6822F07002DA602E4BD3E976
:10075000002312F1010843F100092B4BC3E9008982
:100760002A4B01221A702448F9F732F9224B93F8E8
:100770000131C3F30113DBB29BB219462448FEF7E3
:1007800066FF0346032B0DD01B4B93F80131C3F3D7
:100790000113DBB29BB219461E48FEF758FF034611
:1007A000052B01D1012300E00023002B20D0154BA5
:1007B0001B686FF020021A60124B1B68DA68114B3D
:1007C0001B6842F02002DA60192213490D48F5F740
:1007D000A1FC124BD3E90023541C43F100050F4B3D
:1007E000C3E90045094B00221A700348F9F7F0F8F5
:1007F00000BFBDE8B08300BF28190020601B0020A7
:10080000641B002030040020101B0020011B00206E
:10081000681B00206C1B002030190020181B0020D2
:1008200090B583B000AF864B1B681B6803F01003C4
:10083000102B0CBF01230023DBB2002B14BF0123BC
:100840000023DBB2002B00F0EE8000233B607C4BEA
:100850001B681B683B607A4B1B685B683B603B68AE
:10086000774B1B681B687B60754B1B685B687B6004
:100870007348F5F774FC7348F8F708FD8022714956
:100880006F48F5F747FC6F4B1B78662B40F0CB8029
:100890006C4B1B7F112B40F0C6806B4B1B78062BDB
:1008A00004D0694B1B78052B40F0BD80674B5B88FB
:1008B0009BB2002B14BF01230023DBB2002B00F0FE
:1008C000B280624B5B78DBB2002B14BF01230023A4
:1008D000DBB2002B40F0A7805D4B1B78DBB2012B15
:1008E00004D05B4B1B78DBB2022B01D1012300E06B
:1008F0000023002B00F09780554B9B681846F0F7BB
:10090000DFF84BA3D3E90023F0F732F902460B4698
:1009100010461946F0F7C6FB03464E4A13604C4B8F
:10092000DB681846F0F7CCF841A3D3E90023F0F7D1
:100930001FF902460B4610461946F0F7B3FB034673
:10094000454A1360424B5B691846F0F7B9F838A383
:10095000D3E90023F0F70CF902460B46104619467E
:10096000F0F7A0FB03463D4A1360394B9B691846DC
:10097000F0F7A6F82EA3D3E90023F0F7F9F8024622
:100980000B4610461946F0F78DFB0346344A1360B8
:100990002F4B5B681846F0F793F84FF00002314B8D
:1009A000F0F7E6F802460B461046194622A3D3E9B3
:1009B0000023F0F707FA02460B4610461946F0F7F7
:1009C00071FB0246284BD3ED777A274B93ED7A7A69
:1009D000264B1C68B0EE471AF0EE670A00EE102AAC
:1009E000FFF774FBF0EE407AC4ED017A184B1B69F7
:1009F0001846F0F765F84FF000021A4BF0F7B8F818
:100A000002460B46104619460BA3D3E90023F0F724
:100A1000D9F902460B4616490C6810461946F0F7FC
:100A200041FB0346636000BF0C37BD4690BD00BF6D
:100A30006666666666A64C404AD8124DFB210940A0
:100A4000A00300200C080020E01A00208C080020E1
:100A5000C4080020201B0020241B0020281B00208D
:100A60002C1B002000806640101600207C00002017
:100A70007800002080B588B006AF786039607B6868
:100A8000012B40F0C1803B684FF6FF72934240F06B
:100A9000BB805F48FEF730FE00225E495E48FEF7ED
:100AA00099FD01225D495E48FEF794FD5C4A4FF4D2
:100AB00002715C48FEF706FF574A40F201215A488E
:100AC000FEF700FF544A40F202215848FEF7FAFEB2
:100AD000534A4FF401715648FEF7F4FE4E4A112175
:100AE0005448FEF79FFE4E4A12215348FEF79AFEE5
:100AF000032305930023049340F6B8330393102394
:100B000002934E4B0193102300939FED4D0A4D4BE2
:100B10004D4A4E494E48FEF709FE9FED4E1ADFED55
:100B20004E0AB3EE0E0A4D48FEF75EFE9FED491ADF
:100B3000DFED490AB3EE0E0A4948FEF755FE9FED78
:100B4000451ADFED450AB3EE040A4648FEF74CFEAF
:100B50009FED401ADFED400AB3EE040A4248FEF76B
:100B600043FE9FED3C1ADFED3C0AB3EE0E0A3F4810
:100B7000FEF73AFE9FED371ADFED370AB2EE040AB0
:100B80003B48FEF731FE3B4A3B493C48FEF737FD08
:100B900000213B48FCF70AFD00213A48FCF706FD1E
:100BA00000213948FCF702FD00213848FCF7FEFC23
:100BB00000213748FCF7FAFC00213648FCF7F6FC28
:100BC00000213548FCF7F2FC00213448FCF7EEFC2C
:100BD00000213348FCF7EAFC00213248FCF7E6FC30
:100BE00000213148FCF7E2FC00213048FEF71FFDF0
:100BF00000212F48FEF71BFD00212E48FEF717FDB0
:100C000000212D48FEF713FD00BF0837BD4680BD0B
:100C1000F8130020B400002008140020DC0000209D
:100C20005C140020B0140020D0140020F014002028
:100C30001015002030150020A015002000080240EB
:100C40009A99D93F0000024080020020080100204C
:100C500010160020DA0F49406F12833A80180020E6
:100C60009C180020B8180020D4180020F01800208C
:100C70000C190020580300203004002028190020FF
:100C8000341B0020381B00203C1B0020401B002090
:100C9000441B0020481B00204C1B0020501B002040
:100CA000541B0020581B00205C1B0020601B0020F0
:100CB000641B0020681B00206C1B002080B500AF67
:100CC0004FF6FF710120FFF7D5FE80BD80B483B0E1
:100CD00000AF78607B68074A1A607B68064A5A60F2
:100CE0007B68064A9A607B6818460C37BD465DF8FB
:100CF000047B70470000FA436F12833ADA0F4940D1
:100D000080B500AFF3F7D6FDF6F79CFDF6F70AFEC7
:100D1000F6F7BCFFF6F79CFEF6F7D0FEF7F71CF8E7
:100D2000F7F72CFBF7F754FBF7F77CFBF7F7A4FB7F
:100D3000F7F790F8F7F72AF9F7F776F9F7F7AAF93E
:100D4000F7F7DEF9F7F7F0FAF7F7D4F8FFF706FA56
:100D5000FFF714FAFCE780B582B000AF78607868DE
:100D6000FFF798FB00BF0837BD4680BD80B582B055
:100D700000AF78607868FFF7D7FB00BF0837BD4643
:100D800080BD80B582B000AF78607868FFF732FA36
:100D900000BF0837BD4680BD80B582B000AF786027
:100DA00039607B68012B07D13B684FF6FF72934295
:100DB00002D10348FFF78AFF00BF0837BD4680BD58
:100DC000741B002080B500AF4FF6FF710120FFF7C4
:100DD000E3FF80BD012838BF012010B5044620463E
:100DE000F0F764FB30B900F007F808B9F0F72CFB16
:100DF0008047F4E710BD0000024B1868BFF35B8F1B
:100E0000704700BF841B0020F8B500BFF8BC08BCC9
:100E10009E467047F8B500BFF8BC08BC9E467047B8
:100E2000444542555320496E6974204572726F7271
:100E30000A00000070757420746865205570646144
:100E400074652066756E6374696F6E20696E2045E7
:100E500058544920526973696E6720696E746572CF
:100E600072757074000000007075742074686520DD
:100E70005570646174652066756E6374696F6E2069
:100E8000696E20343835687A20696E7465727275BF
:100E900070740000707574207468652073746174D8
:100EA000655F7469636B2066756E6374696F6E202D
:100EB000696E203530687A20696E7465727275705B
:100EC000740000007075742074686520557064614A
:100ED00074652066756E6374696F6E20696E203864
:100EE00030306B487A20696E746572727570740068
:100EF000DB0F49BFE4CB1640E4CB16C000000080F6
:100F0000DB0F4940DB0F49C06937AC316821223320
:100F1000B40F14336821A2333863ED3EDA0F493F32
:100F20005E987B3FDA0FC93F000000000000000020
:100F300000000000000000000000000000000000B1
:100F400000000000000000000000000000000000A1
:100F50000000000000000000000000000000000091
:100F60000000000000000000000000000000000081
:100F70000000000000000000000000000000000071
:100F80000000000000000000000000000000000061
:100F9000010203040607080900000000010203041F
:100FA00000061016000610160000891112239B324D
:100FB0002446AD573665BF74488CC19D5AAFD3BE29
:100FC0006CCAE5DB7EE9F7F88110080193331A2239
:100FD000A5562C47B7753E64C99C408DDBBF52AE09
:100FE000EDDA64CBFFF976E802218B301002991319
:100FF0002667AF763444BD554AADC3BC588ED19FE9
:101000006EEBE7FA7CC8F5D983310A2091121803F8
:10101000A7772E66B5543C45CBBD42ACD99E508FC8
:10102000EFFB66EAFDD874C904428D5316619F70C8
:101030002004A9153227BB364CCEC5DF5EEDD7FCA8
:101040006888E1997AABF3BA85520C4397711E60B8
:10105000A1142805B3373A26CDDE44CFDFFD56EC88
:10106000E9986089FBBB72AA06638F7214409D5198
:101070002225AB343006B9174EEFC7FE5CCCD5DD68
:101080006AA9E3B8788AF19B87730E6295501C4178
:10109000A3352A24B1163807CFFF46EEDDDC54CD48
:1010A000EBB962A8F99A708B088481951AA793B658
:1010B0002CC2A5D33EE1B7F04008C919522BDB3A48
:1010C000644EED5F766DFF7C899400859BB712A618
:1010D000ADD224C3BFF136E0C1184809D33B5A2A28
:1010E000E55E6C4FF77D7E6C0AA583B418869197F8
:1010F0002EE3A7F23CC0B5D14229CB38500AD91B08
:10110000666FEF7E744CFD5D8BB502A499961087D7
:10111000AFF326E2BDD034C1C3394A28D11A580BE7
:10112000E77F6E6EF55C7C4D0CC685D71EE597F4A7
:101130002880A1913AA3B3B2444ACD5B5669DF78C7
:10114000600CE91D722FFB3E8DD604C79FF516E497
:10115000A9902081BBB332A2C55A4C4BD7795E68A7
:10116000E11C680DF33F7A2E0EE787F61CC495D577
:101170002AA1A3B03882B193466BCF7A5448DD5987
:10118000622DEB3C700EF91F8FF706E69DD414C557
:10119000ABB122A0B9923083C77B4E6AD5585C4967
:1011A000E33D6A2CF11E780F69CF000800000000B3
:1011B00091D10008000000007DD20008000000006E
:1011C00015DD0008000000003DDD00080000000003
:1011D000B9DD00080000000075EF00080000000005
:1011E00079F1000800000000E9F0000800000000AC
:1011F00035F2000800000000232D302B20000000F5
:10120000686C4C00656667454647000030313233F4
:1012100034353637383941424344454600000000F2
:10122000303132333435363738396162636465665C
:0412300000000000BA
:0812340040FFFE7F01000000F5
:10123C00F9010008598D00085593000845BB0008BA
:10124C0075BD00084DC8000809CA000879CA000815
:10125C004DD50008A1E9000899F50008BD0C01085E
:04126C00C50D0108A3
:04127000D1010008A0
:10127400FF0000000800002000000000680F0108C3
:10128400480F0108280F01080000000000000000BA
:10129400000000000000000000000000000000004A
:1012A400000000000000000000000000000000003A
:1012B400000000000000000000000000000000002A
:1012C400000000000000000000000000000000001A
:1012D40000000000000000000024F40010000000E2
:1012E400010000007B142E3E100D0020A8130020E6
:0412F40004000000F2
:0400000508008E69F8
:00000001FF
